epoch,total_loss,pde1_loss,pde2_loss,pde3_loss,dissipated_power_loss,volume_loss,pde1_loss_smooth,pde2_loss_smooth,pde3_loss_smooth,dissipated_power_loss_smooth,volume_loss_smooth
0,1724109.625,924748.7640380859,181947.04055786133,30.251309375,239.183625,0.522827880859375,92.4748764038086,18.194704055786133,685385.1948881522,797278.75,241335.00754599273
1,1737685.625,826993.5607910156,155120.42999267578,30.192696875000003,224.326725,0.5120821533203125,82.69935607910156,15.512042999267578,773743.1419010162,747755.75,216088.57333157212
2,1707805.75,739584.8846435547,130609.19761657715,30.112921875,210.3589875,0.5006113586425781,73.95848846435547,13.060919761657715,813481.1096827313,701196.625,193040.9831121303
3,1654078.25,661567.9931640625,108465.70014953613,30.0159875,197.21870625000003,0.48835321044921876,66.15679931640625,10.846570014953613,824615.9581677318,657395.6875,171989.54157463834
4,1586003.125,592491.4932250977,88772.49717712402,29.904400000000003,184.92723750000002,0.47524978637695314,59.249149322509766,8.877249717712402,816748.9667539597,616424.125,152761.9429307431
5,1509301.875,531968.0023193359,71539.87884521484,29.779912500000002,173.51355,0.4612548217773438,53.196800231933594,7.153987884521484,795650.9387395978,578378.5,135212.07629591227
6,1427840.0,479577.75115966797,56711.19213104248,29.643809375,163.00303125,0.44633950805664063,47.9577751159668,5.671119213104248,765226.6136311367,543343.4375,119216.2364937067
7,1344401.625,434822.88360595703,44173.35033416748,29.497134375,153.41238750000002,0.4304944763183594,43.4822883605957,4.417335033416748,728310.790683791,511374.625,104668.27870371193
8,1261066.75,397128.4866333008,33768.61333847046,29.3407875,144.747009375,0.41373352050781254,39.71284866333008,3.376861333847046,687057.9935488701,482490.03125,91475.67583622411
9,1179413.875,365851.47857666016,25306.84232711792,29.17555,136.99905,0.39609613037109376,36.585147857666016,2.530684232711792,643155.8590826988,456663.5,79555.34207156673
10,1100633.5,340297.9278564453,18575.109243392944,29.002068750000003,130.146328125,0.3776512451171875,34.02979278564453,1.8575109243392944,597945.1551102698,433821.09375,68831.46298564784
11,1025602.5,319746.0174560547,13347.432613372803,28.820878125,124.151896875,0.3585002746582031,31.97460174560547,1.3347432613372803,552496.5588124506,413839.65625,59232.93108423008
12,954931.5625,303470.2491760254,9394.463896751404,28.632353125,118.964925,0.33877828979492186,30.34702491760254,0.9394463896751404,507659.54017490894,396549.75,50690.99911652738
13,889004.25,290766.29638671875,6492.840647697449,28.436678125,114.52220625000001,0.3186513366699219,29.076629638671875,0.6492840647697449,464096.3073812984,381740.6875,43137.55111976247
14,828009.625,280972.7478027344,4433.544278144836,28.23385,110.7505875,0.2983123474121094,28.097274780273438,0.44335442781448364,422308.4705209732,369168.625,36504.013927985216
15,771972.25,273487.18643188477,3028.511106967926,28.02364375,107.56994062500002,0.27797174072265624,27.348718643188477,0.3028511106967926,382657.60305763036,358566.46875,30720.521805665456
16,720783.0,267777.3094177246,2114.8966252803802,27.8056375,104.89640625,0.2578464050292969,26.77773094177246,0.21148966252803802,345385.55749720335,349654.6875,25715.77824853477
17,674229.625,263386.3067626953,1556.8576753139496,27.579271875,102.645825,0.23814793395996095,26.33863067626953,0.15568576753139496,310632.8617137149,342152.75,21417.506812855136
18,634637.125,259933.2046508789,1245.1191246509552,27.343928125,100.736765625,0.21907109069824218,25.99332046508789,0.12451191246509552,281024.650353346,335789.21875,17797.095933030127
19,601152.5,257107.31506347656,1094.9047654867172,27.098650000000003,99.09378750000002,0.20078572082519533,25.710731506347656,0.10949047654867172,256045.41387847066,330312.625,14768.666611073306
20,572792.0,254661.40747070312,1042.8793728351593,26.842312500000002,97.6489875,0.18342951965332033,25.466140747070312,0.10428793728351593,235019.74750656635,325496.625,12250.037459796178
21,548669.25,252403.73611450195,1043.6654090881348,26.573759375,96.3433125,0.16710414123535156,25.240373611450195,0.10436654090881348,217332.6815768797,321144.375,10166.87542110309
22,527999.4375,250190.5632019043,1066.356673836708,26.291953125000003,95.12722500000001,0.15187440490722656,25.01905632019043,0.1066356673836708,202430.93674094416,317090.75,8452.645135852159
23,510099.375,247917.51861572266,1091.2799090147018,25.9960109375,93.96075,0.1377703399658203,24.791751861572266,0.10912799090147018,189823.53623435088,313202.5,7048.4477697563125
24,494385.5625,245512.27569580078,1107.1328073740005,25.685239062500003,92.812903125,0.12479097747802735,24.551227569580078,0.11071328073740005,179081.8500519544,309376.34375,5902.707395383244
25,480369.25,242927.4559020996,1108.5668951272964,25.35911875,91.660696875,0.1129099578857422,24.29274559020996,0.11085668951272964,169838.41393501684,305535.65625,4970.774063310586
26,467649.4375,240134.73510742188,1094.2277312278748,25.017309375,90.487940625,0.10208113861083985,24.013473510742188,0.10942277312278748,161784.4705781713,301626.46875,4214.378514656302
27,455903.0,237119.65560913086,1065.2387142181396,24.6596296875,89.28384375,0.0922447509765625,23.711965560913086,0.10652387142181396,154665.3462171927,297612.8125,3601.0381065299734
28,444874.53125,233878.00216674805,1024.0724682807922,24.2860328125,88.041825,0.08333232879638672,23.387800216674805,0.10240724682807922,148274.88140423596,293472.75,3103.4267160543823
29,434365.34375,230412.40692138672,973.7597405910492,23.8965953125,86.7583875,0.07527144622802734,23.041240692138672,0.09737597405910492,142448.8088358594,289194.625,2698.768083061994
30,424223.3125,226729.98428344727,917.3661470413208,23.4915171875,85.43218125,0.06798879241943359,22.672998428344727,0.09173661470413208,137058.34915497247,284773.9375,2368.2505065153237
31,414333.9375,222840.74783325195,857.6757460832596,23.0710734375,84.063309375,0.06141310882568359,22.284074783325195,0.08576757460832596,132004.00512218848,280211.03125,2096.5111339089053
32,404611.46875,218756.06536865234,797.0258593559265,22.635618750000003,82.652653125,0.05547655105590821,21.875606536865234,0.07970258593559265,127209.52767767385,275508.84375,1871.1381214641005
33,394993.0,214487.9913330078,737.2523099184036,22.185571875,81.2016375,0.050115928649902344,21.44879913330078,0.07372523099184036,122617.13951824419,270672.125,1682.2292089514667
34,385432.90625,210048.33221435547,679.7006726264954,21.721409375,79.71180000000001,0.04527337646484375,21.004833221435547,0.06797006726264954,118183.82914019935,265706.0,1521.9988170387223
35,375897.71875,205448.58932495117,625.2814084291458,21.2436453125,78.18467343750001,0.04089631271362305,20.544858932495117,0.06252814084291458,113877.14775773603,260615.578125,1384.3811528080696
36,366363.34375,200699.52011108398,574.5437368750572,20.75284375,76.62175781250001,0.03693742752075196,20.0699520111084,0.05745437368750572,109672.67286246642,255405.859375,1264.6888271428907
37,356812.5625,195811.13815307617,527.7590081095695,20.2496109375,75.024365625,0.03335445785522461,19.581113815307617,0.052775900810956955,105552.37833199091,250081.21875,1159.350258673905
38,347235.25,190792.65594482422,484.99785363674164,19.734592187500002,73.393753125,0.030109716415405274,19.079265594482422,0.048499785363674164,101504.63907830324,244645.84375,1065.63591063091
39,337624.5625,185652.79006958008,446.2029039859772,19.2084859375,71.7310546875,0.027169605255126954,18.565279006958008,0.04462029039859772,97520.96144478489,239103.515625,981.4668545868626
40,327977.90625,180399.79934692383,411.2464189529419,18.6720453125,70.03745624999999,0.024504428863525392,18.039979934692383,0.04112464189529419,93596.38143437263,233458.1875,905.2574133427406
41,318295.5,175041.61834716797,379.97908890247345,18.1260921875,68.314171875,0.02208765983581543,17.504161834716797,0.037997908890247345,89728.3113276991,227713.90625,835.756018040338
42,308580.75,169586.29608154297,352.26568579673767,17.5715265625,66.562528125,0.01989571952819824,16.958629608154297,0.03522656857967377,85916.69903850602,221875.09375,771.9634654293695
43,298839.8125,164042.0913696289,328.0097618699074,17.009346875000002,64.7841,0.017907678604125978,16.40420913696289,0.03280097618699074,82163.20207769051,215947.0,713.1632721530186
44,289080.5625,158417.71125793457,307.1703389286995,16.440659375,62.980664062500004,0.016104734420776368,15.841771125793457,0.03071703389286995,78470.32942597661,209935.546875,658.7990367246093
45,279313.5,152722.90229797363,289.7690422832966,15.866703125,61.154390625,0.014470024108886719,15.272290229797363,0.02897690422832966,74841.79368745536,203847.96875,608.4154310400481
46,269551.1875,146968.33610534668,275.89263394474983,15.2888609375,59.3077921875,0.012988476753234864,14.696833610534668,0.027589263394474983,71282.16840442875,197692.640625,561.6362739128817
47,259808.734375,141166.0861968994,265.6877972185612,14.7086875,57.4438359375,0.011646376609802247,14.116608619689941,0.026568779721856117,67797.00165687129,191479.453125,518.1436718712757
48,250103.703125,135329.98085021973,259.3548595905304,14.1279234375,55.565915625,0.01043135166168213,13.532998085021973,0.02593548595905304,64392.7630468416,185219.71875,477.66807621235785
49,240456.1875,129475.67939758301,257.1335434913635,13.548515625,53.6779734375,0.00933220386505127,12.9475679397583,0.025713354349136353,61076.664241659455,178926.578125,439.9755129747973
50,233802.84375,123621.06323242188,259.2877671122551,12.9726421875,51.784476562500004,0.008338685035705567,12.362106323242188,0.02592877671122551,57856.98022569856,172614.921875,404.853871942978
51,224174.6875,117780.57098388672,266.0978399217129,12.40183515625,49.888818750000006,0.007440780639648438,11.778057098388672,0.026609783992171288,54738.61313791922,166296.0625,372.0856958136428
52,214679.140625,111978.4927368164,277.80869975686073,11.838959375,47.996910937500004,0.006630177974700928,11.19784927368164,0.027780869975686073,51732.435626662336,159989.703125,341.51375393603666
53,205350.296875,106241.84608459473,294.6154773235321,11.28714453125,46.1152546875,0.005899263381958008,10.624184608459473,0.02946154773235321,48850.42457762407,153717.515625,312.9971675679262
54,196225.09375,100600.4524230957,316.62527471780777,10.74978046875,44.250946875000004,0.005240970611572266,10.06004524230957,0.03166252747178078,46105.357080056565,147503.15625,286.4029377902043
55,187342.90625,95086.98463439941,343.8211604952812,10.2305078125,42.4116984375,0.004648873805999756,9.508698463439941,0.03438211604952812,43510.340794420335,141372.328125,261.61172731273837
56,178744.171875,89736.79542541504,376.0160878300667,9.73319453125,40.605721875,0.004117001533508301,8.973679542541504,0.03760160878300667,41077.972803629935,135352.40625,238.5106369403984
57,170470.71875,84587.68844604492,412.8088429570198,9.261884375000001,38.84171953125001,0.003639863967895508,8.458768844604492,0.04128088429570198,38820.53093975969,129472.3984375,216.9930375066615
58,162564.1875,79679.12197113037,453.5398259758949,8.820711718750001,37.12873359375,0.0032124223709106446,7.967912197113037,0.04535398259758949,36749.066142325755,123762.4453125,196.96042117457546
59,155067.875,75051.32675170898,497.2522333264351,8.41376640625,35.47590234375,0.002830075740814209,7.505132675170898,0.04972522333264351,34875.90411268361,118253.0078125,178.32265743499192
60,148019.875,70743.69430541992,542.6647886633873,8.04489453125,33.892190625,0.002488570213317871,7.074369430541992,0.05426647886633873,33208.92775695771,112973.96875,160.9948784817243
61,141442.21875,66792.4690246582,588.1672725081444,7.717410156250001,32.385881250000004,0.002184058666229248,6.67924690246582,0.05881672725081444,31742.920327821048,107952.9375,144.90310783377208
62,135330.484375,63227.386474609375,631.8525224924088,7.43369609375,30.964021875000004,0.0019130029678344727,6.3227386474609375,0.06318525224924088,30451.32505407487,103213.40625,129.9798763640283
63,129634.2734375,60067.65365600586,671.5971231460571,7.194700781250001,29.63151796875,0.001672195076942444,6.006765365600586,0.06715971231460571,29270.66096537467,98771.7265625,116.1657100020966
64,124271.0234375,57316.412925720215,705.2132487297058,6.99930859375,28.39021640625,0.0014587134122848512,5.7316412925720215,0.07052132487297058,28116.474324287847,94634.0546875,103.40945049485981
65,119153.71875,54955.47294616699,730.6712120771408,6.843728125,27.237822656250003,0.0012698953151702881,5.495547294616699,0.07306712120771408,26913.215017099865,90792.7421875,91.66701237247435
66,114235.7421875,52941.95652008057,746.4314252138138,6.72110546875,26.16725625,0.001103318452835083,5.294195652008057,0.07464314252138138,25639.020711482735,87224.1875,80.9014030050439
67,109481.046875,51209.797859191895,751.8327236175537,6.62178046875,25.166854687500003,0.0009567486047744751,5.1209797859191895,0.07518327236175537,24296.614814200206,83889.515625,71.07946061491384
68,104846.28125,49678.84063720703,747.4143803119659,6.534440625,24.222025781250004,0.0008281261920928955,4.967884063720703,0.0747414380311966,22891.0695001781,80740.0859375,62.16849442873172
69,100295.0703125,48267.43125915527,734.9509745836258,6.4478296875000005,23.317696875000003,0.000715538501739502,4.826743125915527,0.07349509745836258,21435.652381451335,77725.65625,54.13146593188867
70,95800.9609375,46904.754638671875,717.170238494873,6.352363281250001,22.44091875,0.000617223858833313,4.6904754638671875,0.0717170238494873,19946.313459862722,74803.0625,46.92554672598544
71,91351.3359375,45538.91181945801,697.2586363554001,6.241229296875001,21.582300000000004,0.0005315612554550171,4.553891181945801,0.06972586363554001,18440.90993977699,71941.0,40.501015995694615
72,86950.875,44140.39134979248,678.3454865217209,6.110798437500001,20.736885937500002,0.00045707157254219055,4.414039134979248,0.06783454865217209,16939.685898978263,69122.953125,34.80223130563991
73,82618.296875,42700.82950592041,663.0709767341614,5.960437109375,19.903694531250004,0.0003924275040626526,4.270082950592041,0.06630709767341614,15463.653519616579,66345.6484375,29.769709378876996
74,78381.6015625,41229.35771942139,653.3028185367584,5.7919078125,19.084951171874998,0.00033643618226051334,4.122935771942139,0.06533028185367584,14032.465459252708,63616.50390625,25.341387032915463
75,74271.625,39746.97828292847,650.0129401683807,5.60858984375,18.284912109375,0.00028803884983062743,3.9746978282928467,0.06500129401683807,12662.05009922036,60949.70703125,21.454275037003754
76,70397.0,38281.48365020752,653.2957404851913,5.4147046875000004,17.508738281250004,0.00024628548324108127,3.828148365020752,0.06532957404851913,11439.20226104767,58362.4609375,18.368065741537976
77,66782.9140625,36862.06102371216,662.4878942966461,5.2145976562500005,16.76148515625,0.00021034052968025207,3.686206102371216,0.06624878942966461,10372.00720164401,55871.6171875,15.948991387323304
78,63445.6640625,35516.04509353638,676.3644516468048,5.012280078125,16.047384375,0.00017946945130825043,3.5516045093536377,0.06763644516468048,9462.672778493492,53491.28125,14.07509217606139
79,60380.23046875,34266.605377197266,693.3512538671494,4.81114921875,15.369589453125002,0.00015301077067852021,3.4266605377197266,0.06933512538671494,8696.54424610245,51231.96484375,12.59503526678236
80,57575.6796875,33131.62326812744,711.7300480604172,4.61387421875,14.729983593750003,0.00013039487600326538,3.313162326812744,0.07117300480604172,8057.344732110039,49099.9453125,11.39925014469327
81,55016.75390625,32123.401165008545,729.8139482736588,4.422394921875,14.129216015625,0.00011110937595367432,3.2123401165008545,0.07298139482736588,7528.557925428031,47097.38671875,10.411509363369987
82,52684.51171875,31248.56472015381,746.0737228393555,4.237984375,13.56676640625,9.47050228714943e-05,3.124856472015381,0.07460737228393555,7093.84664024692,45222.5546875,9.580478234843838
83,50557.90234375,30508.6350440979,759.2308521270752,4.06135625,13.04116640625,8.078990876674652e-05,3.05086350440979,0.07592308521270752,6737.856264216825,43470.5546875,8.872315088070309
84,48614.484375,29900.612831115723,768.3035731315613,3.8927734375000003,12.550271484375,6.90118595957756e-05,2.9900612831115723,0.07683035731315613,6446.047137520509,41834.23828125,8.263565743121717
85,46830.94140625,29417.743682861328,772.6212590932846,3.732166796875,12.091135546875002,5.90684711933136e-05,2.941774368286133,0.07726212590932846,6205.581169066019,40303.78515625,7.738768289945256
86,45183.96875,29049.89242553711,771.8165218830109,3.5792261718750003,11.66046328125,5.068695172667504e-05,2.904989242553711,0.07718165218830109,6004.7407517270185,38868.2109375,7.285659963523017
87,43650.46875,28784.663677215576,765.7945901155472,3.4334917968750003,11.25471796875,4.3635070323944095e-05,2.8784663677215576,0.07657945901155472,5832.761214081722,37515.7265625,6.895673413669101
88,42225.109375,28607.914447784424,754.6956092119217,3.294412109375,10.870144921875001,3.770757466554642e-05,2.8607914447784424,0.07546956092119217,5696.470246614772,36233.81640625,6.589296831973002
89,40894.48046875,28504.652976989746,738.8489693403244,3.1613955078125002,10.5030984375,3.272885084152222e-05,2.8504652976989746,0.07388489693403244,5594.664788123191,35010.328125,6.3645479402821366
90,39633.08984375,28459.601402282715,718.7299430370331,3.0338392578125,10.15001484375,2.854340337216854e-05,2.8459601402282715,0.07187299430370331,5514.413774853601,33833.3828125,6.19785709982537
91,38419.4140625,28458.101749420166,694.9121505022049,2.9111654296875003,9.8077177734375,2.502439543604851e-05,2.8458101749420166,0.06949121505022049,5445.315410486539,32692.392578125,6.075107291948143
92,37255.421875,28486.649990081787,668.0271774530411,2.7928357421875,9.473326171875001,2.205924317240715e-05,2.8486649990081787,0.06680271774530411,5398.36778977589,31577.75390625,6.01916487905612
93,36118.4140625,28533.358573913574,638.7320160865784,2.678362109375,9.144584765625,1.9556799903512002e-05,2.8533358573913574,0.06387320160865784,5359.139295362867,30481.94921875,6.004195996109331
94,34991.3984375,28588.318824768066,607.679970562458,2.5673171875,8.819673046875,1.743566244840622e-05,2.8588318824768066,0.060767997056245804,5317.246441623429,29398.91015625,6.012756941902353
95,33863.6796875,28643.765449523926,575.4978582262993,2.4593466796875,8.49742265625,1.5632649883627892e-05,2.8643765449523926,0.05754978582262993,5266.221748722164,28324.7421875,6.03624948801496
96,32729.9609375,28694.069385528564,542.7705124020576,2.3541746093750002,8.1772693359375,1.4092216268181801e-05,2.8694069385528564,0.054277051240205765,5202.813957001199,27257.564453125,6.0681776508012035
97,31588.7890625,28735.644817352295,510.0306123495102,2.2516138671875,7.8591169921875,1.2768035754561425e-05,2.8735644817352295,0.05100306123495102,5125.955691951094,26197.056640625,6.1033634526871765
98,30442.328125,28766.765594482422,477.75574028491974,2.1515675781250003,7.543423242187501,1.162269152700901e-05,2.876676559448242,0.047775574028491974,5036.257653591223,25144.744140625,6.13725783821792
99,29294.99609375,28787.426948547363,446.365661919117,2.0540373046875002,7.23103359375,1.0622266680002213e-05,2.8787426948547363,0.0446365661919117,4935.248362654791,24103.4453125,6.163325820017917
100,28407.81640625,28799.045085906982,416.2213206291199,1.9591244140625002,6.923234765625,9.740011766552925e-06,2.8799045085906982,0.04162213206291199,4825.702592556016,23077.44921875,6.175201345533537
101,27274.955078125,28805.42278289795,387.6590356230736,1.866905859375,6.62144296875,8.952624164521695e-06,2.880542278289795,0.03876590356230736,4710.622330608778,22071.4765625,6.1662395603487425
102,26166.189453125,28810.062408447266,360.9216585755348,1.77771171875,6.327526171875,8.242166601121426e-06,2.8810062408447266,0.03609216585755348,4593.614377223188,21091.75390625,6.131476216590215
103,25093.115234375,28816.773891448975,336.19411289691925,1.691967578125,6.0436886718750005,7.592905778437853e-06,2.8816773891448975,0.033619411289691925,4478.533220366808,20145.62890625,6.066931457107984
104,24067.6953125,28829.20265197754,313.6012703180313,1.61018935546875,5.77223671875,6.994846742600202e-06,2.882920265197754,0.03136012703180313,4369.259794041922,19240.7890625,5.973075273151693
105,23102.21484375,28849.93314743042,293.2089753448963,1.5329584960937501,5.515651171875,6.440967787057161e-06,2.884993314743042,0.02932089753448963,4269.428610537725,18385.50390625,5.853130801993899
106,22208.734375,28879.91189956665,275.0309742987156,1.46089560546875,5.2763859375,5.927332676947117e-06,2.887991189956665,0.02750309742987156,4182.557231430663,17587.953125,5.7129523703650875
107,21398.9765625,28917.982578277588,259.03472676873207,1.39461689453125,5.056922460937501,5.45311626046896e-06,2.891798257827759,0.025903472676873207,4111.766784620471,16856.408203125,5.560691493182503
108,20682.4375,28960.99805831909,245.15805765986443,1.3346791992187501,4.859246191406251,5.016007460653782e-06,2.896099805831909,0.024515805765986443,4059.659281162749,16197.4873046875,5.402448219027519
109,20067.16015625,29004.25910949707,233.31856355071068,1.2815156250000002,4.685173535156251,4.618908744305373e-06,2.900425910949707,0.023331856355071068,4028.0312430951744,15617.2451171875,5.249026680330871
110,19557.30859375,29042.017459869385,223.42033684253693,1.2353642578125001,4.5356329101562505,4.262021742761135e-06,2.9042017459869385,0.022342033684253693,4017.845893482445,15118.7763671875,5.108268739344908
111,19152.123046875,29067.881107330322,215.35729989409447,1.19620078125,4.410619921875,3.946433309465647e-06,2.9067881107330322,0.021535729989409447,4028.415402340237,14702.06640625,4.988404912616204
112,18845.21875,29074.177742004395,209.01160314679146,1.16368974609375,4.3091443359375,3.6726216785609724e-06,2.9074177742004395,0.020901160314679146,4056.9418653981993,14363.814453125,4.89586741191431
113,18625.14453125,29052.202701568604,204.25193011760712,1.1371716796875,4.229272558593751,3.439977997913957e-06,2.9052202701568604,0.02042519301176071,4098.880073271459,14097.5751953125,4.834031601083723
114,18475.7578125,28992.390632629395,200.93392580747604,1.115699609375,4.16837109375,3.246872453019023e-06,2.8992390632629395,0.020093392580747604,4147.5494250874035,13894.5703125,4.80294003959574
115,18375.359375,28885.45513153076,198.88998940587044,1.09813193359375,4.122887109375,3.089024918153882e-06,2.888545513153076,0.019888998940587044,4194.020606726874,13742.95703125,4.797145968125989
116,18299.890625,28724.265098571777,197.9207806289196,1.0832646484375001,4.08879052734375,2.9629513155668975e-06,2.8724265098571777,0.01979207806289196,4228.657684301725,13629.3017578125,4.811032158378509
117,18230.50390625,28505.351543426514,197.78402522206306,1.06997724609375,4.0624778320312505,2.864871406927705e-06,2.8505351543426514,0.019778402522206306,4245.271555731597,13541.5927734375,4.83815755232078
118,18155.58984375,28230.0066947937,198.19332286715508,1.05735810546875,4.04084619140625,2.7907018084079027e-06,2.82300066947937,0.019819332286715508,4242.718774411827,13469.4873046875,4.871830549887335
119,18067.697265625,27904.322147369385,198.82986322045326,1.0447771484375001,4.02145986328125,2.737389178946614e-06,2.7904322147369385,0.019882986322045326,4221.6066316817305,13404.8662109375,4.907605488143076
120,17964.150390625,27537.98484802246,199.36783239245415,1.03189833984375,4.002791015625,2.701414516195655e-06,2.753798484802246,0.019936783239245415,4184.134595879907,13342.63671875,4.940907925160246
121,17844.734375,27143.115997314453,199.50833171606064,1.01864384765625,3.983921484375,2.680490491911769e-06,2.7143115997314453,0.019950833171606064,4132.881845355383,13279.73828125,4.969878377529852
122,17711.04296875,26732.749938964844,199.01301711797714,1.0051263671875001,3.9645380859375,2.672299509868026e-06,2.6732749938964844,0.019901301711797714,4070.2426772078034,13215.126953125,4.993086595071929
123,17568.76171875,26319.639682769775,197.72715866565704,0.99157216796875,3.94469970703125,2.6740538887679577e-06,2.6319639682769775,0.019772715866565704,4001.191893793759,13148.9990234375,5.0116676007097
124,17422.05078125,25915.1554107666,195.59307023882866,0.97824658203125,3.9246972656250003,2.6840048376470804e-06,2.59151554107666,0.019559307023882866,3928.6213958254666,13082.32421875,5.026801628660564
125,17273.525390625,25528.898239135742,192.64351576566696,0.9653998046875001,3.9047437500000006,2.7000433765351772e-06,2.552889823913574,0.019264351576566696,3854.2611929003615,13015.8125,5.037313908477586
126,17126.4609375,25168.373584747314,188.98643553256989,0.9532294921875001,3.8851139648437503,2.7206502854824065e-06,2.5168373584747314,0.01889864355325699,3780.250293627614,12950.3798828125,5.043417090585081
127,16983.556640625,24838.852882385254,184.78082492947578,0.94186513671875,3.8659807617187507,2.7433093637228014e-06,2.4838852882385254,0.01847808249294758,3708.5121243852773,12886.6025390625,5.043761796117906
128,16846.8828125,24543.67160797119,180.20931631326675,0.9313647460937501,3.8474220703125,2.766260877251625e-06,2.454367160797119,0.018020931631326675,3640.6905063719023,12824.740234375,5.038542593950979
129,16717.884765625,24284.238815307617,175.45482143759727,0.9217238281250001,3.82939658203125,2.7887108735740186e-06,2.4284238815307617,0.017545482143759727,3578.2210386841325,12764.6552734375,5.029655205177278
130,16597.73828125,24060.509204864502,170.6826128065586,0.9128897460937501,3.81186328125,2.8080542106181384e-06,2.40605092048645,0.01706826128065586,3522.2916081633302,12706.2109375,5.015721956510191
131,16487.01953125,23871.068954467773,166.02901741862297,0.90477802734375,3.79478642578125,2.8236573562026023e-06,2.3871068954467773,0.016602901741862297,3473.5335973539914,12649.2880859375,4.998659746361113
132,16385.5703125,23713.58633041382,161.6016961634159,0.8972865234375,3.77809482421875,2.834484912455082e-06,2.371358633041382,0.01616016961634159,3432.0179342638585,12593.6494140625,4.979318746919716
133,16293.046875,23584.80453491211,157.48152509331703,0.8903109375,3.7617676757812504,2.8391028754413126e-06,2.358480453491211,0.015748152509331703,3397.4946615155786,12539.2255859375,4.957473215932566
134,16208.9169921875,23480.842113494873,153.72930094599724,0.8837494140625001,3.74580439453125,2.8385003097355365e-06,2.3480842113494873,0.015372930094599724,3369.48211346654,12486.0146484375,4.936482942902046
135,16132.423828125,23397.26209640503,150.39769932627678,0.87751328125,3.7302202148437504,2.8312744107097387e-06,2.339726209640503,0.015039769932627678,3347.248236799147,12434.0673828125,4.915061962911523
136,16062.611328125,23329.46538925171,147.5377194583416,0.8715278320312501,3.7150271484374997,2.8182512614876033e-06,2.332946538925171,0.01475377194583416,3329.8882483165653,12383.423828125,4.895149694187353
137,15998.634765625,23272.533416748047,145.20236290991306,0.8657353515625,3.7002553710937502,2.7984739281237124e-06,2.3272533416748047,0.014520236290991306,3316.547014793905,12334.1845703125,4.875126394119036
138,15939.8046875,23221.631050109863,143.448943272233,0.8600943359375001,3.6859125,2.7738003991544246e-06,2.3221631050109863,0.014344894327223301,3306.5746463442338,12286.375,4.857605082269288
139,15885.3037109375,23172.097206115723,142.33365654945374,0.854580078125,3.6719888671875003,2.744494238868356e-06,2.3172097206115723,0.014233365654945374,3299.2583177547203,12239.962890625,4.842041300198645
140,15834.693359375,23119.606971740723,141.90304093062878,0.84918125,3.6585410156250004,2.7110239025205374e-06,2.3119606971740723,0.014190304093062878,3294.0312201343477,12195.13671875,4.8279192390992876
141,15787.533203125,23060.433864593506,142.18461699783802,0.84390107421875,3.64558125,2.6744436472654345e-06,2.3060433864593506,0.014218461699783802,3290.4570473546046,12151.9375,4.815490533762841
142,15742.998046875,22991.409301757812,143.17614026367664,0.8387509765625001,3.6330137695312503,2.635595388710499e-06,2.2991409301757812,0.014317614026367664,3288.0772194216843,12110.0458984375,4.804505721774376
143,15701.8408203125,22910.1824760437,144.83763836324215,0.8337500976562501,3.6208435546875,2.594534540548921e-06,2.29101824760437,0.014483763836324215,3287.5592442824563,12069.478515625,4.7949465524196455
144,15663.8330078125,22815.237045288086,147.08765782415867,0.8289203125000001,3.6090697265625,2.5532247964292764e-06,2.2815237045288086,0.014708765782415867,3288.6976398974657,12030.232421875,4.7887763164657144
145,15627.990234375,22705.76000213623,149.80333857238293,0.8242825195312501,3.5976480468750003,2.5109238922595976e-06,2.270576000213623,0.014980333857238293,3290.7369471924612,11992.16015625,4.782391406489751
146,15593.30859375,22581.846714019775,152.83147804439068,0.81985498046875,3.5865161132812498,2.468976425006986e-06,2.2581846714019775,0.015283147804439068,3292.9549537342973,11955.0537109375,4.776311446911848
147,15559.25,22444.283962249756,155.99596314132214,0.81564951171875,3.57569208984375,2.4273819290101528e-06,2.2444283962249756,0.015599596314132214,3294.809443338745,11918.9736328125,4.7689370021707305
148,15524.935546875,22294.3115234375,159.11677852272987,0.81166982421875,3.5651094726562507,2.3872463498264552e-06,2.22943115234375,0.015911677852272987,3295.7035327580816,11883.6982421875,4.761111356252314
149,15489.7880859375,22133.686542510986,162.02444210648537,0.807911181640625,3.5547758789062502,2.3478104267269373e-06,2.2133686542510986,0.016202444210648537,3295.0924585312314,11849.2529296875,4.750501495374522
150,15635.17578125,21964.45941925049,164.5752601325512,0.804361083984375,3.5446476562500004,2.3099707905203104e-06,2.196445941925049,0.01645752601325512,3292.634900092162,11815.4921875,4.738302769915435
151,15596.6630859375,21789.305210113525,166.6754111647606,0.800906787109375,3.5347828125000005,2.2738769184798004e-06,2.1789305210113525,0.01666754111647606,3287.802957706619,11782.609375,4.7246310392312125
152,15556.138671875,21610.393524169922,168.2620868086815,0.79753447265625,3.5251479492187503,2.2389586083590986e-06,2.161039352416992,0.01682620868086815,3280.5730567859136,11750.4931640625,4.708410790054813
153,15513.595703125,21429.576873779297,169.31898891925812,0.7942276367187501,3.5156879882812504,2.2057266905903815e-06,2.1429576873779297,0.016931898891925812,3271.0980475020187,11718.9599609375,4.690927461296951
154,15469.21875,21248.64101409912,169.87269744277,0.790968798828125,3.5063809570312503,2.1745008416473865e-06,2.124864101409912,0.016987269744277,3259.5990558901685,11687.9365234375,4.673213069646067
155,15423.2265625,21069.116592407227,169.98426988720894,0.787743115234375,3.4971539062500003,2.1447197068482638e-06,2.1069116592407227,0.016998426988720894,3246.4745077599946,11657.1796875,4.654587368825219
156,15375.9140625,20892.11940765381,169.73987221717834,0.7845367187500001,3.4879693359375006,2.1167043596506118e-06,2.089211940765381,0.016973987221717834,3232.0864672889,11626.564453125,4.636263655141192
157,15327.8427734375,20718.519687652588,169.23852264881134,0.78134111328125,3.47884892578125,2.0900792442262173e-06,2.071851968765259,0.016923852264881134,3216.858286927745,11596.1630859375,4.618000494269154
158,15279.4169921875,20548.89440536499,168.58162358403206,0.778151318359375,3.46977421875,2.0648217760026456e-06,2.054889440536499,0.016858162358403206,3201.1913057026395,11565.9140625,4.600302435389835
159,15230.91015625,20383.503437042236,167.8648591041565,0.774967822265625,3.4607220703125003,2.0410800352692603e-06,2.0383503437042236,0.01678648591041565,3185.3878433609643,11535.740234375,4.583989196856464
160,15182.6181640625,20222.349166870117,167.17180609703064,0.771793115234375,3.4517141601562504,2.018491504713893e-06,2.0222349166870117,0.016717180609703064,3169.6404170380265,11505.7138671875,4.568728379609297
161,15134.7734375,20065.219402313232,166.5695197880268,0.768631494140625,3.4427490234375,1.9963658414781096e-06,2.0065219402313232,0.01665695197880268,3154.1567226613843,11475.830078125,4.553421947161041
162,15087.7109375,19911.733865737915,166.1073975265026,0.76549052734375,3.43388056640625,1.9757021218538286e-06,1.9911733865737915,0.01661073975265026,3139.066184645344,11446.2685546875,4.54059373146265
163,15041.3955078125,19761.34181022644,165.81783071160316,0.762375341796875,3.42508359375,1.9554793834686278e-06,1.976134181022644,0.016581783071160316,3124.4156289375824,11416.9453125,4.528229991374246
164,14995.8740234375,19613.44838142395,165.71538522839546,0.759291015625,3.4163876953125,1.9360240548849105e-06,1.961344838142395,0.016571538522839546,3110.157297721016,11387.958984375,4.517267357016408
165,14951.15625,19467.339515686035,165.80253839492798,0.7562412597656251,3.4078212890625,1.9165010889992116e-06,1.9467339515686035,0.016580253839492798,3096.2208720976923,11359.404296875,4.505982284033735
166,14907.0439453125,19322.400093078613,166.067723184824,0.7532270019531251,3.3993615234375,1.8978979205712675e-06,1.9322400093078613,0.0166067723184824,3082.498606244888,11331.205078125,4.496718827181326
167,14863.453125,19177.943468093872,166.48977994918823,0.75024814453125,3.3910212890625004,1.8792222253978253e-06,1.9177943468093872,0.016648977994918823,3068.8823415154475,11303.404296875,4.487262894491437
168,14820.1591796875,19033.35452079773,167.04009845852852,0.7473026367187501,3.3827671875,1.8608012469485402e-06,1.903335452079773,0.016704009845852852,3055.2743318000576,11275.890625,4.47842661394597
169,14777.0927734375,18888.25297355652,167.68354922533035,0.74438876953125,3.37460654296875,1.842471188865602e-06,1.8888252973556519,0.016768354922533035,3041.5929408701195,11248.6884765625,4.4698638928002765
170,14734.076171875,18742.13218688965,168.3812402188778,0.741502880859375,3.3665150390625005,1.8240706995129586e-06,1.8742132186889648,0.01683812402188778,3027.755682666364,11221.716796875,4.461233382567116
171,14690.9775390625,18594.812154769897,169.09176483750343,0.7386431640625001,3.3584680664062496,1.8054423853754997e-06,1.8594812154769897,0.016909176483750343,3013.7204070221633,11194.8935546875,4.452214310608497
172,14647.7470703125,18446.121215820312,169.7750762104988,0.7358086425781251,3.35045771484375,1.7870689043775201e-06,1.8446121215820312,0.01697750762104988,2999.4646787823003,11168.1923828125,4.443999269810348
173,14604.2373046875,18296.000957489014,170.39164900779724,0.7330001464843751,3.342444140625,1.76847237162292e-06,1.8296000957489014,0.017039164900779724,2984.977634729221,11141.48046875,4.435497524606774
174,14560.4931640625,18144.58727836609,170.90795561671257,0.7302193359375,3.3344302734375,1.7499730456620455e-06,1.8144587278366089,0.017090795561671257,2970.288317551953,11114.767578125,4.427565531492576
175,14516.4873046875,17991.98627471924,171.29739746451378,0.7274702148437501,3.32638740234375,1.7312574200332166e-06,1.7991986274719238,0.017129739746451378,2955.4567997211416,11087.9580078125,4.419529511519272
176,14472.2041015625,17838.39464187622,171.54086381196976,0.7247576660156251,3.3182876953125,1.712486264295876e-06,1.783839464187622,0.017154086381196976,2940.549192378836,11060.958984375,4.411893079384299
177,14427.7470703125,17684.121131896973,171.62851989269257,0.722087890625,3.3101387695312496,1.6936622560024262e-06,1.7684121131896973,0.017162851989269257,2925.6324583594687,11033.7958984375,4.4047631678749894
178,14383.236328125,17529.374361038208,171.56045883893967,0.719467431640625,3.30195322265625,1.6749424394220114e-06,1.7529374361038208,0.017156045883893967,2910.774356255846,11006.5107421875,4.3986307044093
179,14338.57421875,17374.500036239624,171.34474590420723,0.71690380859375,3.29367744140625,1.656480017118156e-06,1.7374500036239624,0.017134474590420723,2896.042367017799,10978.9248046875,4.39396409185278
180,14293.900390625,17219.70796585083,170.9980145096779,0.7144025390625001,3.2853360351562504,1.637662062421441e-06,1.721970796585083,0.01709980145096779,2881.4917248255224,10951.1201171875,4.389269776134768
181,14249.17578125,17065.19842147827,170.54254189133644,0.7119694335937501,3.2768964843750004,1.6192551702260971e-06,1.7065198421478271,0.017054254189133644,2867.175435030571,10922.98828125,4.386572139291729
182,14204.546875,16911.245584487915,170.003492385149,0.7096091796875,3.2683892578125002,1.6011029947549106e-06,1.6911245584487915,0.0170003492385149,2853.13610247802,10894.630859375,4.385451592387994
183,14159.95703125,16757.956743240356,169.40902918577194,0.707324462890625,3.259787109375,1.5829032054170966e-06,1.6757956743240356,0.016940902918577194,2839.4033925805707,10865.95703125,4.385071226041788
184,14115.3984375,16605.446338653564,168.78625378012657,0.7051175781250001,3.2510800781249998,1.5649566194042563e-06,1.6605446338653564,0.016878625378012657,2825.997704136651,10836.93359375,4.386135934627333
185,14070.8232421875,16453.821659088135,168.16044226288795,0.7029884765625001,3.24225380859375,1.547408988699317e-06,1.6453821659088135,0.016816044226288795,2812.919774924114,10807.5126953125,4.388875767167406
186,14026.2841796875,16303.099393844604,167.55342483520508,0.7009361328125,3.23333173828125,1.5299601946026087e-06,1.6303099393844604,0.016755342483520508,2800.1471879971214,10777.7724609375,4.392258359677214
187,13981.7265625,16153.312921524048,166.9829897582531,0.6989591796875,3.2243009765625,1.5129034873098135e-06,1.6153312921524048,0.01669829897582531,2787.6709542360622,10747.669921875,4.396812968589643
188,13937.03125,16004.42886352539,166.46260395646095,0.697054296875,3.2151310546875,1.495942589826882e-06,1.600442886352539,0.016646260395646095,2775.4760116757825,10717.103515625,4.4013684234906805
189,13892.333984375,15856.523513793945,165.9999042749405,0.6952180664062501,3.205869140625,1.4795121969655157e-06,1.5856523513793945,0.01659999042749405,2763.543669760722,10686.23046875,4.406748751203736
190,13847.578125,15709.547996520996,165.5980385839939,0.6934462890625,3.1965093749999998,1.4631724916398526e-06,1.5709547996520996,0.01655980385839939,2751.8439830618445,10655.03125,4.411232869393871
191,13802.705078125,15563.503503799438,165.25670886039734,0.6917350097656251,3.18704326171875,1.4466367429122328e-06,1.5563503503799438,0.016525670886039734,2740.3494229890057,10623.4775390625,4.413494805268812
192,13757.611328125,15418.421030044556,164.96963798999786,0.690079345703125,3.1774505859374997,1.4307652600109578e-06,1.5418421030044556,0.016496963798999786,2729.030829463227,10591.501953125,4.415507164350174
193,13712.4384765625,15274.337530136108,164.7287793457508,0.68847470703125,3.16778291015625,1.4148395275697113e-06,1.5274337530136108,0.01647287793457508,2717.86161970222,10559.2763671875,4.414558390872401
194,13667.130859375,15131.253004074097,164.52230513095856,0.686915673828125,3.158033203125,1.3991440646350384e-06,1.5131253004074097,0.016452230513095856,2706.814974283334,10526.77734375,4.41092975922686
195,13621.7138671875,14989.341497421265,164.33775424957275,0.685399169921875,3.1482123046875,1.3836761936545372e-06,1.4989341497421265,0.016433775424957275,2695.8820383108105,10494.041015625,4.404044380256664
196,13576.197265625,14848.606586456299,164.16030004620552,0.6839189453125001,3.138329296875,1.3681548880413176e-06,1.4848606586456299,0.016416030004620552,2685.0468230378465,10461.09765625,4.392509701274122
197,13530.6484375,14709.149599075317,163.9760285615921,0.6824709472656251,3.1284041015625004,1.3523052912205458e-06,1.4709149599075317,0.01639760285615921,2674.310167577569,10428.013671875,4.375015979681962
198,13485.1015625,14571.157693862915,163.77180814743042,0.6810511718750001,3.1184466796875006,1.336685847491026e-06,1.4571157693862915,0.016377180814743042,2663.6726546729915,10394.822265625,4.352906366817706
199,13439.5849609375,14434.640407562256,163.5359600186348,0.679655517578125,3.1084634765625,1.3211569748818874e-06,1.4434640407562256,0.01635359600186348,2653.1417482155666,10361.544921875,4.325418263357506
200,13597.953125,14299.811124801636,163.25892880558968,0.678281005859375,3.0984805664062502,1.5030544251203538e-05,1.4299811124801636,0.016325892880558968,2642.740732083039,10328.2685546875,45.790630122187395
201,13548.7587890625,14166.951179504395,162.97651454806328,0.676799658203125,3.0886494140625,1.5085128135979175e-05,1.4166951179504395,0.016297651454806328,2632.070924934349,10295.498046875,42.96163837778681
202,13500.45703125,14036.083221435547,162.68141567707062,0.67522255859375,3.07900458984375,1.514074020087719e-05,1.4036083221435547,0.016268141567707062,2621.2571362427843,10263.3486328125,40.50031934583694
203,13453.0087890625,13907.190561294556,162.37039119005203,0.67356103515625,3.06951298828125,1.5197383239865304e-05,1.3907190561294556,0.016237039119005203,2610.4008226007863,10231.7099609375,38.36271815146529
204,13406.5107421875,13780.17783164978,162.04381361603737,0.6718273437500001,3.0601869140625,1.5255995094776154e-05,1.378017783164978,0.016204381361603737,2599.5877612226177,10200.623046875,36.51009174927822
205,13360.8349609375,13654.91271018982,161.70354560017586,0.670034716796875,3.05098271484375,1.5314719639718533e-05,1.365491271018982,0.016170354560017586,2588.873861401662,10169.9423828125,34.90023824533296
206,13316.1279296875,13531.289100646973,161.3549143075943,0.668196484375,3.0419361328125003,1.5375426039099694e-05,1.3531289100646973,0.01613549143075943,2578.310694803484,10139.787109375,33.50316970594804
207,13272.2001953125,13409.150838851929,161.0035076737404,0.66632568359375,3.0329900390625,1.5437190420925618e-05,1.3409150838851929,0.01610035076737404,2567.934570836951,10109.966796875,32.28594909172716
208,13229.033203125,13288.2559299469,160.65597534179688,0.664433984375,3.0241444335937504,1.550095435231924e-05,1.32882559299469,0.016065597534179688,2557.753157598432,10080.4814453125,31.223289277807908
209,13186.7548828125,13168.421983718872,160.31840816140175,0.662533544921875,3.01544443359375,1.556673273444176e-05,1.3168421983718872,0.016031840816140175,2547.7729788828,10051.4814453125,30.29138541790644
210,13145.1533203125,13049.403429031372,159.99551862478256,0.660634375,3.0068370117187504,1.56335923820734e-05,1.3049403429031372,0.015999551862478256,2537.9868112886325,10022.7900390625,29.468170876511294
211,13104.1416015625,12930.96899986267,159.69181433320045,0.6587455078125001,2.99831015625,1.570153795182705e-05,1.293096899986267,0.015969181433320045,2528.3736281161546,9994.3671875,28.73665690555231
212,13063.70703125,12812.882661819458,159.40949320793152,0.656874560546875,2.9898764648437504,1.577247492969036e-05,1.2812882661819458,0.015940949320793152,2518.898859410052,9966.2548828125,28.08593751750641
213,13023.802734375,12694.936990737915,159.1479405760765,0.6550279296875,2.98153974609375,1.584262028336525e-05,1.2694936990737915,0.01591479405760765,2509.5312937804265,9938.4658203125,27.497650403463467
214,12984.310546875,12576.948404312134,158.90680253505707,0.6532112792968751,2.9732771484375,1.5915775671601297e-05,1.2576948404312134,0.015890680253505707,2500.2409551973833,9910.923828125,26.968813650194306
215,12945.181640625,12458.676099777222,158.68138521909714,0.651426904296875,2.9650921875000003,1.5989098697900773e-05,1.2458676099777222,0.015868138521909714,2490.98857235942,9883.640625,26.48682420408477
216,12906.3447265625,12339.961528778076,158.46721827983856,0.64967861328125,2.9569813476562503,1.6063546761870383e-05,1.2339961528778076,0.015846721827983856,2481.732218889345,9856.6044921875,26.047082252898463
217,12867.7705078125,12220.708131790161,158.25780108571053,0.64796728515625,2.9489481445312498,1.613912545144558e-05,1.2220708131790161,0.015825780108571053,2472.4411193201377,9829.8271484375,25.64455811424432
218,12829.3974609375,12100.70252418518,158.04629772901535,0.64629365234375,2.9409849609375,1.6214881092309953e-05,1.210070252418518,0.015804629772901535,2463.0919381518324,9803.283203125,25.273750371854476
219,12791.158203125,11979.89821434021,157.82514587044716,0.644657568359375,2.9330794921875003,1.6292739659547806e-05,1.197989821434021,0.015782514587044716,2453.6641462355037,9776.931640625,24.934313707472484
220,12752.9853515625,11858.201026916504,157.58749097585678,0.6430577148437501,2.9252208984375,1.636981777846813e-05,1.1858201026916504,0.015758749097585678,2444.1367303028237,9750.736328125,24.61924277326807
221,12715.1064453125,11735.601425170898,157.32759609818459,0.641493896484375,2.9174824218750004,1.6447080299258233e-05,1.1735601425170898,0.01573275960981846,2434.4989807765523,9724.94140625,24.3279160578129
222,12677.234375,11611.988544464111,157.03942626714706,0.639962939453125,2.90978349609375,1.6526462510228156e-05,1.1611988544464111,0.015703942626714706,2424.733125380022,9699.2783203125,24.061252406741687
223,12639.486328125,11487.363576889038,156.72007575631142,0.6384634765625,2.90216513671875,1.6605062410235404e-05,1.1487363576889038,0.01567200757563114,2414.831330162706,9673.8837890625,23.81352432262247
224,12601.7802734375,11361.711025238037,156.3679799437523,0.6369923828125,2.8946068359375,1.6682878136634826e-05,1.1361711025238037,0.01563679799437523,2404.7798762506573,9648.689453125,23.58352910837857
225,12564.1298828125,11235.018968582153,155.98352067172527,0.635547607421875,2.88711708984375,1.6759896650910377e-05,1.1235018968582153,0.015598352067172527,2394.5706489607983,9623.7236328125,23.370186474816364
226,12526.5556640625,11107.339859008789,155.56855127215385,0.63412724609375,2.8797038085937503,1.683807373046875e-05,1.110733985900879,0.015556855127215385,2384.1959016203764,9599.0126953125,23.175098811276257
227,12489.00390625,10978.64031791687,155.12715093791485,0.6327276855468751,2.872358203125,1.691447012126446e-05,1.097864031791687,0.015512715093791485,2373.6409220144124,9574.52734375,22.993330814596447
228,12451.48828125,10848.92988204956,154.66430224478245,0.631347607421875,2.8650834960937503,1.699202135205269e-05,1.084892988204956,0.015466430224478245,2362.903998754322,9550.2783203125,22.827909513513077
229,12413.9208984375,10718.252658843994,154.18603084981441,0.629984375,2.85785888671875,1.706778071820736e-05,1.0718252658843994,0.015418603084981441,2351.976785925217,9526.1962890625,22.674088320886767
230,12376.3857421875,10586.627721786499,153.69879081845284,0.6286369140625,2.8507107421875,1.7142722383141518e-05,1.05866277217865,0.015369879081845284,2340.8541820604587,9502.369140625,22.532344496105225
231,12338.8759765625,10454.063415527344,153.20852398872375,0.627303369140625,2.84364052734375,1.721782609820366e-05,1.0454063415527344,0.015320852398872375,2329.526708516889,9478.8017578125,22.403126176584465
232,12301.24609375,10320.630073547363,152.72127464413643,0.62598359375,2.83660634765625,1.72911137342453e-05,1.0320630073547363,0.015272127464413643,2317.9910979452543,9455.3544921875,22.283198844050276
233,12263.5498046875,10186.324119567871,152.24194154143333,0.624676123046875,2.8296275390625003,1.736554875969887e-05,1.018632411956787,0.015224194154143333,2306.238288012013,9432.091796875,22.175551387979795
234,12225.814453125,10051.16581916809,151.7738588154316,0.6233813964843751,2.822715234375,1.7436161637306215e-05,1.005116581916809,0.01517738588154316,2294.265181606519,9409.05078125,22.07332074399892
235,12187.908203125,9915.252923965454,151.32001601159573,0.6220998046875,2.8158298828125004,1.7505919560790062e-05,0.9915252923965454,0.015132001601159573,2282.068868285918,9386.099609375,21.979639363547903
236,12149.9453125,9778.583645820618,150.88110230863094,0.620831884765625,2.8090072265625,1.7574818804860114e-05,0.9778583645820618,0.015088110230863094,2269.646224060649,9363.357421875,21.89381979933637
237,12111.8564453125,9641.263484954834,150.45704320073128,0.619578857421875,2.8022264648437503,1.764184981584549e-05,0.9641263484954834,0.015045704320073128,2256.998817148269,9340.7548828125,21.814020238071862
238,12073.59765625,9503.29065322876,150.04605054855347,0.618341455078125,2.7954744140625003,1.7709007486701013e-05,0.950329065322876,0.015004605054855347,2244.126186760943,9318.248046875,21.741991826460435
239,12035.1669921875,9364.765286445618,149.64661560952663,0.61712197265625,2.78874931640625,1.7773278057575226e-05,0.9364765286445618,0.014964661560952663,2231.033653847524,9295.8310546875,21.673514579993935
240,11996.6171875,9225.74758529663,149.25521798431873,0.61592119140625,2.78206611328125,1.7835650593042375e-05,0.9225747585296631,0.014925521798431873,2217.724244866811,9273.5537109375,21.609255800028677
241,11957.982421875,9086.352586746216,148.86892400681973,0.6147419921875,2.775430078125,1.7897123470902442e-05,0.9086352586746216,0.014886892400681973,2204.2111672091414,9251.43359375,21.549831991951578
242,11919.046875,8946.586847305298,148.48382212221622,0.6135852539062501,2.7687749999999998,1.7956683412194253e-05,0.8946586847305298,0.014848382212221622,2190.499498346733,9229.25,21.493490259031887
243,11880.01953125,8806.585669517517,148.09737913310528,0.612453662109375,2.76215859375,1.8016340211033822e-05,0.8806585669517517,0.014809737913310528,2176.6017002391745,9207.1953125,21.44201138787662
244,11840.8515625,8666.455149650574,147.70585112273693,0.61134892578125,2.7555638671875,1.8073055893182756e-05,0.8666455149650574,0.014770585112273693,2162.528339132841,9185.212890625,21.391367792195524
245,11801.5380859375,8526.238203048706,147.30810187757015,0.6102724609375,2.74898525390625,1.812884584069252e-05,0.8526238203048706,0.014730810187757015,2148.287272993184,9163.2841796875,21.34340091258764
246,11762.083984375,8386.064171791077,146.9017006456852,0.6092265625000001,2.74242099609375,1.818370446562767e-05,0.8386064171791077,0.01469017006456852,2133.8894217368215,9141.4033203125,21.297583946508894
247,11722.49609375,8245.99802494049,146.4865356683731,0.6082124511718751,2.7358716796875,1.8235592171549796e-05,0.8245998024940491,0.01464865356683731,2119.341330928437,9119.572265625,21.251142953160524
248,11682.77734375,8106.176257133484,146.06188982725143,0.607232080078125,2.729334375,1.8286533653736114e-05,0.8106176257133484,0.014606188982725143,2104.651526328118,9097.78125,21.205963572303517
249,11642.880859375,7966.670989990234,145.62884345650673,0.606286474609375,2.72279443359375,1.8336525186896324e-05,0.7966670989990234,0.014562884345650673,2089.821467443966,9075.9814453125,21.161549818791173
250,11730.3408203125,7827.607989311218,145.18911018967628,0.605376708984375,2.716280859375,1.838556304574013e-05,0.7827607989311218,0.014518911018967628,2074.856942289043,9054.26953125,21.117446298316736
251,11689.3876953125,7689.083218574524,144.80987563729286,0.6043189941406251,2.7100160156250004,1.843261905014515e-05,0.7689083218574524,0.014480987563729286,2059.190370882061,9033.38671875,21.07238745542577
252,11648.337890625,7551.186084747314,144.4856822490692,0.603136669921875,2.7039416015625,1.8479734659194946e-05,0.7551186084747314,0.014448568224906921,2042.9498836062412,9013.138671875,21.028370242409437
253,11607.2900390625,7414.015531539917,144.21151019632816,0.60185556640625,2.6980429687500003,1.8524859100580216e-05,0.7414015531539917,0.014421151019632816,2026.2526745992363,8993.4765625,20.982865035811756
254,11566.30078125,7277.5799036026,143.98104511201382,0.600502783203125,2.69229814453125,1.8569009378552437e-05,0.72775799036026,0.014398104511201382,2009.2001776740362,8974.3271484375,20.936707678153198
255,11525.3857421875,7142.005562782288,143.78774911165237,0.5991066406250001,2.6866763671875002,1.8613215535879136e-05,0.7142005562782288,0.014378774911165237,1991.8844850813039,8955.587890625,20.89063515923226
256,11484.478515625,7007.383704185486,143.623948097229,0.597694384765625,2.6811287109375,1.8655410036444665e-05,0.7007383704185486,0.0143623948097229,1974.3842526972003,8937.095703125,20.842021304448053
257,11443.60546875,6873.784065246582,143.48250813782215,0.5962931640625,2.6756361328125,1.86966247856617e-05,0.6873784065246582,0.014348250813782215,1956.7680302662193,8918.787109375,20.791625869569998
258,11402.69921875,6741.269826889038,143.35510320961475,0.594926953125,2.67015908203125,1.8735820427536965e-05,0.6741269826889038,0.014335510320961475,1939.0881442559185,8900.5302734375,20.737964230284888
259,11361.6943359375,6610.00669002533,143.2342827320099,0.5936184082031251,2.6646591796875,1.8775055184960367e-05,0.661000669002533,0.014323428273200989,1921.3924760639202,8882.197265625,20.682902861121647
260,11320.646484375,6480.07333278656,143.11231672763824,0.592385888671875,2.6591416992187504,1.8812265247106552e-05,0.648007333278656,0.014311231672763824,1903.7129596112209,8863.8056640625,20.62387123403687
261,11279.544921875,6351.589560508728,142.98220165073872,0.591246044921875,2.6535914062500003,1.8849510699510576e-05,0.6351589560508728,0.014298220165073872,1886.0791460534092,8845.3046875,20.562761410830262
262,11238.3408203125,6224.67041015625,142.8376417607069,0.590210791015625,2.6479880859375005,1.888575777411461e-05,0.622467041015625,0.01428376417607069,1868.5060178449057,8826.626953125,20.498173146496356
263,11197.05859375,6099.40230846405,142.67370104789734,0.5892892578125001,2.6423373046875,1.8919963389635085e-05,0.609940230846405,0.014267370104789734,1851.000570134027,8807.791015625,20.428788897773302
264,11155.611328125,5975.935459136963,142.48614199459553,0.58848720703125,2.6366115234375003,1.895420253276825e-05,0.5975935459136963,0.014248614199459553,1833.5640813873906,8788.705078125,20.356589086886743
265,11114.0478515625,5854.361653327942,142.27217063307762,0.587807763671875,2.6308271484375,1.898639276623726e-05,0.5854361653327942,0.014227217063307762,1816.1952197059727,8769.423828125,20.279208048189957
266,11072.330078125,5734.75182056427,142.03041791915894,0.587249853515625,2.6249765625,1.9018612802028658e-05,0.573475182056427,0.014203041791915894,1798.8816709402017,8749.921875,20.198658293229528
267,11030.5390625,5617.260932922363,141.76120050251484,0.58681181640625,2.61908759765625,1.9050858914852144e-05,0.5617260932922363,0.014176120050251484,1781.613217462378,8730.2919921875,20.11476054945433
268,10988.6591796875,5501.917600631714,141.46465808153152,0.5864884765625,2.6131652343750003,1.9080007448792458e-05,0.5501917600631714,0.014146465808153152,1764.3689793339,8710.55078125,20.024216274440732
269,10946.693359375,5388.85772228241,141.14351943135262,0.5862744140625,2.60721533203125,1.9110221415758132e-05,0.538885772228241,0.014114351943135262,1747.1318710944615,8690.7177734375,19.93122610756518
270,10904.6865234375,5278.133749961853,140.799880027771,0.5861626953125,2.6012595703125,1.913941651582718e-05,0.5278133749961853,0.0140799880027771,1729.8819538047537,8670.865234375,19.833538108745415
271,10862.587890625,5169.79455947876,140.43770730495453,0.58614501953125,2.5952917968750002,1.9168632104992867e-05,0.516979455947876,0.014043770730495453,1712.5948598586547,8650.97265625,19.732113139473768
272,10820.50390625,5063.9283657073975,140.06066136062145,0.586213916015625,2.5893515625,1.9197870045900345e-05,0.5063928365707397,0.014006066136062145,1695.2520741064218,8631.171875,19.62687987024333
273,10778.4150390625,4960.566163063049,139.67248611152172,0.586361279296875,2.58344150390625,1.922294870018959e-05,0.49605661630630493,0.013967248611152172,1677.833182110713,8611.4716796875,19.513707532036733
274,10736.3681640625,4859.763979911804,139.27685096859932,0.586579638671875,2.5775794921875,1.9251182675361633e-05,0.4859763979911804,0.013927685096859932,1660.3222370799776,8591.931640625,19.39982709159267
275,10694.3388671875,4761.547744274139,138.878021389246,0.58686220703125,2.5717681640625,1.9276298582553864e-05,0.47615477442741394,0.013887802138924599,1642.6996350995905,8572.560546875,19.27897048648947
276,10652.3369140625,4665.928483009338,138.47927562892437,0.5872025390625,2.5660171875,1.9302476197481156e-05,0.46659284830093384,0.013847927562892437,1624.943717060436,8553.390625,19.155232375603873
277,10610.392578125,4572.925269603729,138.08315619826317,0.5875953613281251,2.560339453125,1.9326576963067056e-05,0.4572925269603729,0.013808315619826317,1607.0468439379765,8534.46484375,19.025512208918144
278,10568.51171875,4482.541978359222,137.69179582595825,0.5880365234375,2.5547390625,1.9350690767169e-05,0.44825419783592224,0.013769179582595825,1589.0023502632976,8515.796875,18.891801607750494
279,10526.7705078125,4394.768476486206,137.30712234973907,0.588522216796875,2.549240625,1.9374819472432137e-05,0.4394768476486206,0.013730712234973907,1570.8035235868738,8497.46875,18.754002197901173
280,10485.0166015625,4309.625923633575,136.93016953766346,0.589050244140625,2.543801953125,1.93979162722826e-05,0.43096259236335754,0.013693016953766346,1552.444103406262,8479.33984375,18.611050406932918
281,10443.3955078125,4227.076172828674,136.56143099069595,0.589618603515625,2.5384687500000003,1.942102238535881e-05,0.42270761728286743,0.013656143099069595,1533.9180155421636,8461.5625,18.463834111354345
282,10401.849609375,4147.09746837616,136.2012606114149,0.590226708984375,2.5332240234375,1.94430947303772e-05,0.41470974683761597,0.013620126061141491,1515.224064825161,8444.080078125,18.31129870506993
283,10360.4052734375,4069.6898102760315,135.8482614159584,0.59087412109375,2.5280771484375,1.946517825126648e-05,0.40696898102760315,0.01358482614159584,1496.3587925591855,8426.923828125,18.154324905648537
284,10319.0595703125,3994.828760623932,135.50249859690666,0.591561083984375,2.52302783203125,1.9485170021653177e-05,0.3994828760623932,0.013550249859690666,1477.321044008444,8410.0927734375,17.990946238272727
285,10280.2080078125,3922.528326511383,135.16249135136604,0.5922893066406251,2.5180728515625,1.9506221637129784e-05,0.3922528326511383,0.013516249135136604,1459.9716962971434,8393.576171875,17.847611802114443
286,10245.79296875,3852.7053594589233,134.82839800417423,0.593054296875,2.5132171875000004,1.9527288153767585e-05,0.38527053594589233,0.013482839800417423,1445.8007999568363,8377.390625,17.742559091582393
287,10215.115234375,3785.3464484214783,134.50298458337784,0.593844873046875,2.50848515625,1.9547311589121818e-05,0.3785346448421478,0.013450298458337784,1434.2046863478172,8361.6171875,17.66761757712652
288,10187.42578125,3720.405697822571,134.19106602668762,0.594644775390625,2.50385361328125,1.9566290080547333e-05,0.3720405697822571,0.013419106602668762,1424.663010554832,8346.1787109375,17.616796606137086
289,10162.3134765625,3657.793700695038,133.89748521149158,0.5954334472656251,2.49936943359375,1.9585277885198592e-05,0.3657793700695038,0.013389748521149158,1416.7357395104482,8331.2314453125,17.586069762711986
290,10139.314453125,3597.4565148353577,133.6279697716236,0.5961898437500001,2.495035546875,1.96042750030756e-05,0.35974565148353577,0.013362796977162361,1410.0547804731177,8316.78515625,17.571358111396194
291,10118.0966796875,3539.3357276916504,133.38835909962654,0.596893603515625,2.490870703125,1.9623279571533203e-05,0.35393357276916504,0.013338835909962654,1404.3158117692656,8302.90234375,17.569375910476083
292,10098.390625,3483.3207726478577,133.18349607288837,0.597525341796875,2.4868916015625,1.9641239196062087e-05,0.34833207726478577,0.013318349607288837,1399.2663458147872,8289.638671875,17.576540239615497
293,10079.9892578125,3429.3657541275024,133.0175157636404,0.59806962890625,2.4831140625000003,1.965920627117157e-05,0.34293657541275024,0.01330175157636404,1394.7046054044185,8277.046875,17.591638284383407
294,10062.62890625,3377.3964643478394,132.89344497025013,0.598513916015625,2.47952080078125,1.9677180796861648e-05,0.33773964643478394,0.013289344497025013,1390.470625809321,8265.0693359375,17.61294797088658
295,10046.1845703125,3327.355980873108,132.8140404075384,0.5988501464843751,2.47612236328125,1.9694104790687563e-05,0.3327355980873108,0.013281404040753841,1386.4419579517998,8253.7412109375,17.638198438051404
296,10030.5498046875,3279.167115688324,132.77972117066383,0.599074072265625,2.4729222656250003,1.971103809773922e-05,0.3279167115688324,0.013277972117066383,1382.5255906625462,8243.07421875,17.66722457058779
297,10015.6357421875,3232.8155636787415,132.79052451252937,0.599185693359375,2.46991904296875,1.9729036837816238e-05,0.32328155636787415,0.013279052451252937,1378.655512061312,8233.0634765625,17.700052788823996
298,10001.353515625,3188.234567642212,132.845314219594,0.599188720703125,2.46710390625,1.9747044891119003e-05,0.3188234567642212,0.0132845314219594,1374.78692615794,8223.6796875,17.735056766346588
299,9987.541015625,3145.3707814216614,132.9414453357458,0.59908935546875,2.4644396484375,1.9764000549912454e-05,0.31453707814216614,0.013294144533574581,1370.890873947792,8214.798828125,17.770791926582433
300,10062.6923828125,3104.1932106018066,133.07598419487476,0.598896826171875,2.4619646484375,1.977990195155144e-05,0.31041932106018066,0.013307598419487476,1366.9521801526425,8206.548828125,17.806859146422994
301,10049.580078125,3064.4145607948303,133.30629095435143,0.598430224609375,2.45978525390625,1.979581080377102e-05,0.30644145607948303,0.013330629095435143,1362.5555909126197,8199.2841796875,17.84392742644968
302,10036.8798828125,3026.0416865348816,133.62103141844273,0.597728564453125,2.4578794921875002,1.981278695166111e-05,0.30260416865348816,0.013362103141844273,1357.7836806870182,8192.931640625,17.882641306022833
303,10024.56640625,2989.029288291931,134.00597497820854,0.596834716796875,2.456206640625,1.9828708842396737e-05,0.2989029288291931,0.013400597497820854,1352.7216144488193,8187.35546875,17.920924185818194
304,10012.7060546875,2953.389585018158,134.44718904793262,0.59579462890625,2.4547505859375,1.984569802880287e-05,0.2953389585018158,0.013444718904793262,1347.4572399541503,8182.501953125,17.960463309171246
305,10001.1298828125,2919.091582298279,134.92809608578682,0.59465390625,2.453428857421875,1.986056938767433e-05,0.2919091582298279,0.013492809608578682,1342.0723172407597,8178.09619140625,17.998279774079037
306,9989.8701171875,2886.122465133667,135.43371111154556,0.59345625,2.45221962890625,1.98765117675066e-05,0.2886122465133667,0.013543371111154556,1336.642092101276,8174.0654296875,18.0370560968272
307,9978.85546875,2854.4309735298157,135.9472330659628,0.592241259765625,2.4510779296875,1.9891396164894106e-05,0.28544309735298157,0.01359472330659628,1331.2279501340163,8170.259765625,18.074713399139
308,9968.1044921875,2823.987603187561,136.45227067172527,0.5910442382812501,2.4499885253906255,1.9906284287571906e-05,0.2823987603187561,0.013645227067172527,1325.8808680237998,8166.62841796875,18.112045738712368
309,9957.49609375,2794.731855392456,136.9351428002119,0.58989453125,2.44890029296875,1.9921181723475458e-05,0.2794731855392456,0.01369351428002119,1320.637815312366,8163.0009765625,18.148887176991593
310,9947.04296875,2766.5984630584717,137.38088309764862,0.58881494140625,2.44780810546875,1.9936082884669306e-05,0.27665984630584717,0.013738088309764862,1315.5206560139777,8159.3603515625,18.18505014573077
311,9936.6494140625,2739.5516633987427,137.77762651443481,0.587823486328125,2.44667783203125,1.994992233812809e-05,0.27395516633987427,0.013777762651443481,1310.5443842150635,8155.5927734375,18.21946626934232
312,9926.3544921875,2713.5056257247925,138.11487704515457,0.586930859375,2.445520751953125,1.9964834675192834e-05,0.27135056257247925,0.013811487704515457,1305.708876879944,8151.73583984375,18.253888312191975
313,9916.04296875,2688.440978527069,138.38465325534344,0.58614384765625,2.4443043457031255,1.9977619871497155e-05,0.2688440978527069,0.013838465325534344,1301.0110459523567,8147.68115234375,18.285384755438827
314,9905.7646484375,2664.29603099823,138.58117163181305,0.58546376953125,2.4430464843750004,1.9991476088762284e-05,0.266429603099823,0.013858117163181305,1296.4405159376183,8143.48828125,18.31674826013068
315,9895.3955078125,2641.0388946533203,138.70134018361568,0.5848886230468751,2.4417164062500003,2.000427059829235e-05,0.26410388946533203,0.013870134018361568,1291.9847112981734,8139.0546875,18.346023522121186
316,9885.009765625,2618.6615228652954,138.74387368559837,0.5844135253906251,2.440340625,2.0018134266138078e-05,0.26186615228652954,0.013874387368559837,1287.6298728603506,8134.46875,18.3750992231046
317,9874.5341796875,2597.1421599388123,138.70974071323872,0.584031494140625,2.438904052734375,2.002987079322338e-05,0.2597142159938812,0.013870974071323872,1283.36196429118,8129.68017578125,18.401167473823534
318,9864.0517578125,2576.48766040802,138.60330916941166,0.583733837890625,2.437436279296875,2.0042676478624344e-05,0.257648766040802,0.013860330916941166,1279.1672408553495,8124.78759765625,18.427117359597105
319,9853.4921875,2556.6938519477844,138.42874206602573,0.58351103515625,2.435922509765625,2.0054420456290245e-05,0.25566938519477844,0.013842874206602573,1275.0310173929029,8119.74169921875,18.45110724077017
320,9842.908203125,2537.7625226974487,138.1926704198122,0.583353125,2.4343823730468754,2.0067235454916953e-05,0.2537762522697449,0.01381926704198122,1270.9414395452477,8114.60791015625,18.47509310616772
321,9832.375,2519.690990447998,137.90215365588665,0.58325048828125,2.4328445800781253,2.0078983157873154e-05,0.2519690990447998,0.013790215365588665,1266.8865248684597,8109.48193359375,18.49719459111293
322,9821.7744140625,2502.4765729904175,137.56451196968555,0.583193408203125,2.4312779296875,2.008967101573944e-05,0.25024765729904175,0.013756451196968555,1262.8541833592753,8104.259765625,18.517488724969553
323,9811.212890625,2486.1112236976624,137.18693517148495,0.5831729492187501,2.429718310546875,2.0102493464946746e-05,0.24861112236976624,0.013718693517148495,1258.8328368200746,8099.06103515625,18.538806827131793
324,9800.6396484375,2470.5514311790466,136.77614741027355,0.583180224609375,2.428157666015625,2.011318691074848e-05,0.24705514311790466,0.013677614741027355,1254.8080099498766,8093.85888671875,18.557274032362443
325,9790.08984375,2455.780655145645,136.33733615279198,0.583208056640625,2.42661064453125,2.0123880356550216e-05,0.24557806551456451,0.013633733615279198,1250.767901772604,8088.7021484375,18.574787428993886
326,9779.5595703125,2441.7582154273987,135.87528839707375,0.58324970703125,2.425080615234375,2.013564668595791e-05,0.24417582154273987,0.013587528839707375,1246.6995792080124,8083.60205078125,18.59220586150434
327,9769.02734375,2428.4374713897705,135.39263978600502,0.583299169921875,2.423567578125,2.0146345719695093e-05,0.24284374713897705,0.013539263978600502,1242.5899403025687,8078.55859375,18.60749395713242
328,9758.5205078125,2415.7775938510895,134.89077799022198,0.583351904296875,2.4220835449218754,2.0157048478722573e-05,0.24157775938510895,0.013489077799022198,1238.4281176042714,8073.61181640625,18.62151666075181
329,9748.03125,2403.7358164787292,134.3691535294056,0.583404150390625,2.4206302734375003,2.0167753100395202e-05,0.24037358164787292,0.01343691535294056,1234.2045046717249,8068.767578125,18.634186519302602
330,9737.5166015625,2392.268031835556,133.82649049162865,0.5834533691406251,2.419198388671875,2.0177392289042474e-05,0.2392268031835556,0.013382649049162865,1229.911135715156,8063.99462890625,18.644415402494587
331,9726.98828125,2381.366342306137,133.25964100658894,0.583497802734375,2.4177928710937504,2.0187031477689743e-05,0.2381366342306137,0.013325964100658894,1225.54254543149,8059.3095703125,18.653109097498373
332,9716.4833984375,2371.01286649704,132.66506604850292,0.5835373535156251,2.4164255859375,2.019774541258812e-05,0.23710128664970398,0.013266506604850292,1221.097841946248,8054.751953125,18.661056216610405
333,9705.990234375,2361.1971735954285,132.03879818320274,0.583571826171875,2.4150938964843753,2.020631916821003e-05,0.23611971735954285,0.013203879818320274,1216.577153284321,8050.31298828125,18.6653567053105
334,9695.478515625,2351.9201576709747,131.37576170265675,0.5836024414062501,2.4137865234375,2.0215963944792746e-05,0.23519201576709747,0.013137576170265675,1211.9830359664047,8045.955078125,18.668880051675842
335,9684.9208984375,2343.188375234604,130.6728459894657,0.5836307617187501,2.4124933593750004,2.0225614309310913e-05,0.2343188375234604,0.013067284598946571,1207.3200219353603,8041.64453125,18.670641824035556
336,9674.3828125,2335.0070416927338,129.92593459784985,0.58365849609375,2.41123330078125,2.023419179022312e-05,0.23350070416927338,0.012992593459784985,1202.5927225424093,8037.4443359375,18.66969010778871
337,9663.861328125,2327.3932933807373,129.13214974105358,0.5836880859375,2.4100018066406252,2.0242774859070777e-05,0.23273932933807373,0.012913214974105358,1197.807805913355,8033.33935546875,18.667031006137222
338,9653.3544921875,2320.341020822525,128.28944250941277,0.5837213867187501,2.4087969726562504,2.0251356065273284e-05,0.2320341020822525,0.012828944250941277,1192.9697914711141,8029.3232421875,18.662678960262838
339,9642.8017578125,2313.860058784485,127.3963414132595,0.5837611816406251,2.4075969726562505,2.026101388037205e-05,0.2313860058784485,0.01273963414132595,1188.0858925355278,8025.3232421875,18.657602700550683
340,9632.2919921875,2307.954579591751,126.45334005355835,0.583809130859375,2.4064281738281252,2.0269598811864852e-05,0.2307954579591751,0.012645334005355835,1183.1585129816667,8021.42724609375,18.64989654137662
341,9621.76171875,2302.6102781295776,125.45996345579624,0.583867529296875,2.4052693359375,2.0279262214899062e-05,0.23026102781295776,0.012545996345579624,1178.1922325852938,8017.564453125,18.64149889840064
342,9611.2744140625,2297.8265583515167,124.41758997738361,0.5839376464843751,2.40413994140625,2.028677798807621e-05,0.22978265583515167,0.012441758997738361,1173.1885280962524,8013.7998046875,18.629578285248613
343,9600.7255859375,2293.5953736305237,123.32743965089321,0.5840212890625001,2.40300703125,2.0294295623898505e-05,0.22935953736305237,0.012332743965089321,1168.148767193692,8010.0234375,18.616094619939986
344,9590.158203125,2289.9113595485687,122.1917849034071,0.5841197265625,2.40188203125,2.0303962752223015e-05,0.22899113595485687,0.01221917849034071,1163.0752633880475,8006.2734375,18.602935814176362
345,9579.5791015625,2286.764532327652,121.01211585104465,0.58423388671875,2.400768017578125,2.0312558859586715e-05,0.2286764532327652,0.012101211585104465,1157.968117938217,8002.56005859375,18.587221218484046
346,9569.041015625,2284.1347754001617,119.79090981185436,0.58436455078125,2.39967978515625,2.032008208334446e-05,0.22841347754001617,0.011979090981185436,1152.8293623101054,7998.9326171875,18.568984374987508
347,9558.4599609375,2282.0161283016205,118.53031814098358,0.584512548828125,2.398591845703125,2.0327605307102205e-05,0.22820161283016205,0.011853031814098358,1147.659953137132,7995.30615234375,18.549222722003833
348,9547.8349609375,2280.386835336685,117.23347008228302,0.584678271484375,2.39750302734375,2.0335130393505097e-05,0.22803868353366852,0.011723347008228302,1142.4617758693566,7991.6767578125,18.527959866305537
349,9537.26171875,2279.2378067970276,115.90243317186832,0.58486220703125,2.3964399902343754,2.0342657342553138e-05,0.22792378067970276,0.011590243317186832,1137.238363485114,7988.13330078125,18.50521277784992
350,9603.806640625,2278.5355150699615,114.54018764197826,0.585064306640625,2.395391162109375,2.0351260900497437e-05,0.22785355150699615,0.011454018764197826,1131.9923585792203,7984.63720703125,18.481960819372034
351,9592.8544921875,2277.900278568268,113.21951635181904,0.585073193359375,2.394505224609375,2.0357714965939522e-05,0.22779002785682678,0.011321951635181904,1126.3342205548543,7981.68408203125,18.455442813440754
352,9581.90234375,2277.415245771408,111.93371377885342,0.584920751953125,2.3937581542968753,2.0366322249174117e-05,0.2277415245771408,0.011193371377885342,1120.3469399244786,7979.19384765625,18.4295464105237
353,9571.8603515625,2277.2060334682465,110.67450046539307,0.5846449218750001,2.393151416015625,2.037385292351246e-05,0.22772060334682465,0.011067450046539307,1114.6660606650403,7977.17138671875,18.41077548976091
354,9563.353515625,2277.3782908916473,109.43365283310413,0.5842834960937501,2.3926291992187503,2.03813873231411e-05,0.22773782908916473,0.010943365283310413,1109.859933500833,7975.4306640625,18.40847052303843
355,9556.08984375,2278.0366241931915,108.20348747074604,0.583870654296875,2.392153564453125,2.0388923585414885e-05,0.22780366241931915,0.010820348747074604,1105.8134475044571,7973.84521484375,18.41955068653988
356,9549.9296875,2279.217541217804,106.97745718061924,0.5834353515625,2.3917236328125,2.039538323879242e-05,0.2279217541217804,0.010697745718061924,1102.4330160563986,7972.412109375,18.440569657260312
357,9544.650390625,2280.9018194675446,105.7488564401865,0.5830001953125,2.39130791015625,2.040291950106621e-05,0.22809018194675446,0.01057488564401865,1099.6350805812108,7971.0263671875,18.471381687059875
358,9540.1171875,2282.998412847519,104.51231151819229,0.5825815917968751,2.39090068359375,2.0410459488630297e-05,0.2282998412847519,0.010451231151819229,1097.3402148509558,7969.6689453125,18.509263307385254
359,9536.2119140625,2285.386621952057,103.26403193175793,0.58219013671875,2.390500341796875,2.0416922867298127e-05,0.2285386621952057,0.010326403193175793,1095.470836021006,7968.33447265625,18.551803815778385
360,9532.73046875,2287.93203830719,102.00109332799911,0.581832080078125,2.390077294921875,2.0423388108611107e-05,0.228793203830719,0.010200109332799911,1093.9517807653901,7966.92431640625,18.598740875248495
361,9529.6064453125,2290.5217111110687,100.72192177176476,0.5815095214843751,2.3896420898437505,2.0430929958820345e-05,0.22905217111110687,0.010072192177176476,1092.7111074481581,7965.4736328125,18.649944944386334
362,9526.794921875,2293.0575907230377,99.42657314240932,0.581221337890625,2.389211279296875,2.0437397062778474e-05,0.22930575907230377,0.009942657314240932,1091.6808503044886,7964.03759765625,18.702658226300628
363,9524.0927734375,2295.4997420310974,98.11708703637123,0.580965576171875,2.38874677734375,2.04427856951952e-05,0.22954997420310974,0.009811708703637123,1090.806741866254,7962.4892578125,18.756227177583355
364,9521.6259765625,2297.867089509964,96.79613634943962,0.5807390625000001,2.3883038085937502,2.0450331270694733e-05,0.2297867089509964,0.009679613634943962,1090.046547678765,7961.0126953125,18.813026623334736
365,9519.212890625,2300.2055287361145,95.46865709125996,0.5805384765625,2.38784091796875,2.045680209994316e-05,0.23002055287361145,0.009546865709125996,1089.3711665105948,7959.4697265625,18.869814235374633
366,9516.875,2302.5883734226227,94.13996711373329,0.580359765625,2.38737216796875,2.0462194457650186e-05,0.23025883734226227,0.00941399671137333,1088.7633187300526,7957.9072265625,18.92642583402585
367,9514.611328125,2305.0934076309204,92.81644597649574,0.580199755859375,2.386898876953125,2.0468665286898615e-05,0.23050934076309204,0.009281644597649574,1088.2175151752672,7956.32958984375,18.984714538378512
368,9512.458984375,2307.765632867813,91.50510653853416,0.58005419921875,2.386433203125,2.047513797879219e-05,0.2307765632867813,0.009150510653853416,1087.7312757520122,7954.77734375,19.04368539117013
369,9510.33984375,2310.6205463409424,90.21244943141937,0.579918701171875,2.3859528808593753,2.0481610670685768e-05,0.23106205463409424,0.009021244943141937,1087.3034932408336,7953.17626953125,19.10333978367703
370,9508.380859375,2313.651293516159,88.94406259059906,0.5797892578125,2.3854962890625,2.0488087087869645e-05,0.2313651293516159,0.008894406259059906,1086.9324997113144,7951.654296875,19.163688069141017
371,9506.5234375,2316.785901784897,87.70537562668324,0.579660693359375,2.385049951171875,2.0493481308221816e-05,0.23167859017848969,0.008770537562668324,1086.609767720227,7950.16650390625,19.223722267587846
372,9504.7568359375,2319.961190223694,86.49972267448902,0.57952958984375,2.384614013671875,2.0499959588050843e-05,0.23199611902236938,0.008649972267448902,1086.3252319530293,7948.71337890625,19.285368262914744
373,9503.123046875,2323.0844736099243,85.32990701496601,0.579392041015625,2.3842076660156253,2.0505355671048163e-05,0.23230844736099243,0.008532990701496601,1086.0653253155906,7947.35888671875,19.346571539330284
374,9501.49609375,2326.0922729969025,84.19628255069256,0.57924541015625,2.383798974609375,2.0510755479335786e-05,0.23260922729969025,0.008419628255069256,1085.815325565316,7945.99658203125,19.40822100030573
375,9500.4306640625,2328.934073448181,83.09888653457165,0.57908837890625,2.383435400390625,2.0516153424978256e-05,0.23289340734481812,0.008309888653457165,1085.8516318195325,7944.78466796875,19.475528392677234
376,9500.2880859375,2331.5931856632233,82.03724399209023,0.578919580078125,2.383065087890625,2.052263543009758e-05,0.23315931856632233,0.008203724399209023,1086.546495792325,7943.55029296875,19.556443181944815
377,9500.9267578125,2334.0781033039093,81.01063780486584,0.5787357421875,2.3827217285156252,2.0528035238385202e-05,0.23340781033039093,0.008101063780486584,1087.7246871426178,7942.40576171875,19.645906071780246
378,9502.1298828125,2336.394190788269,80.01881651580334,0.57853310546875,2.382400634765625,2.053343690931797e-05,0.2336394190788269,0.008001881651580334,1089.2431726042269,7941.33544921875,19.74246470655828
379,9503.7587890625,2338.5755717754364,79.06144484877586,0.5783080078125,2.382110595703125,2.053883858025074e-05,0.23385755717754364,0.007906144484877586,1090.9861404680705,7940.36865234375,19.844085789139854
380,9505.66015625,2340.635657310486,78.13891395926476,0.5780564453125,2.3818457519531253,2.054424025118351e-05,0.23406356573104858,0.007813891395926476,1092.8600929460372,7939.48583984375,19.949134401192623
381,9507.708984375,2342.5832390785217,77.25062314420938,0.57777548828125,2.381599951171875,2.0549645647406577e-05,0.23425832390785217,0.0077250623144209385,1094.7911603571993,7938.66650390625,20.056282319504703
382,9509.892578125,2344.4242775440216,76.39734540134668,0.57746328125,2.3813932617187503,2.0555049180984496e-05,0.23444242775440216,0.007639734540134668,1096.7239902175497,7937.9775390625,20.164501991965153
383,9512.087890625,2346.131354570389,75.57839620858431,0.577118701171875,2.38120693359375,2.0560454577207564e-05,0.23461313545703888,0.007557839620858431,1098.616716949553,7937.3564453125,20.273062490748543
384,9514.287109375,2347.6867377758026,74.79379884898663,0.57674189453125,2.381050927734375,2.0565859973430633e-05,0.23476867377758026,0.007479379884898663,1100.440959248779,7936.83642578125,20.38144882924871
385,9516.5166015625,2349.0673303604126,74.04283620417118,0.576334423828125,2.380940625,2.0572347566485404e-05,0.23490673303604126,0.007404283620417118,1102.1775592234335,7936.46875,20.4903042809633
386,9518.6455078125,2350.2489924430847,73.32432549446821,0.5758986816406251,2.3808424804687505,2.0577756687998772e-05,0.23502489924430847,0.007332432549446821,1103.8163389113834,7936.1416015625,20.59733218334418
387,9520.75,2351.2406647205353,72.63639476150274,0.57543837890625,2.38078037109375,2.0582081750035286e-05,0.23512406647205353,0.007263639476150274,1105.3540354311262,7935.9345703125,20.702462557399826
388,9522.7783203125,2352.0585894584656,71.97817787528038,0.574958154296875,2.3807373046875,2.0587490871548654e-05,0.23520585894584656,0.007197817787528038,1106.7921063684262,7935.791015625,20.80774963085048
389,9524.689453125,2352.7152836322784,71.34664803743362,0.574462451171875,2.380700244140625,2.0592899993062018e-05,0.23527152836322784,0.007134664803743362,1108.1337141350305,7935.66748046875,20.9120409242106
390,9526.521484375,2353.244870901108,70.73946297168732,0.573956884765625,2.3806779785156253,2.0598309114575386e-05,0.23532448709011078,0.007073946297168732,1109.3854981478653,7935.59326171875,21.015284065391825
391,9528.263671875,2353.6771535873413,70.15458308160305,0.573446435546875,2.38066494140625,2.06026379019022e-05,0.23536771535873413,0.007015458308160305,1110.553234753752,7935.5498046875,21.116348280378816
392,9529.9501953125,2354.0443181991577,69.58932150155306,0.5729357421875,2.38066845703125,2.0606966689229013e-05,0.23540443181991577,0.006958932150155306,1111.6435820276383,7935.5615234375,21.216290947920243
393,9531.490234375,2354.3432354927063,69.04174573719501,0.5724289550781251,2.3806587890625,2.0612379536032677e-05,0.23543432354927063,0.0069041745737195015,1112.6613881571393,7935.529296875,21.316101572289654
394,9532.8955078125,2354.578971862793,68.51023528724909,0.5719296386718751,2.3806382812500004,2.061671018600464e-05,0.2354578971862793,0.006851023528724909,1113.611366005127,7935.4609375,21.413549054719624
395,9534.2021484375,2354.7379672527313,67.99295544624329,0.571440380859375,2.380615283203125,2.062103897333145e-05,0.23547379672527313,0.006799295544624329,1114.497822734491,7935.38427734375,21.50972218148854
396,9535.408203125,2354.8144102096558,67.48954765498638,0.5709636718750001,2.3805877441406254,2.0626453682780267e-05,0.23548144102096558,0.006748954765498638,1115.3240530807525,7935.29248046875,21.60568651416179
397,9536.486328125,2354.791909456253,66.99908059090376,0.57050087890625,2.380547021484375,2.063078433275223e-05,0.2354791909456253,0.006699908059090376,1116.0936469528679,7935.15673828125,21.69930382736129
398,9537.4560546875,2354.66405749321,66.52184762060642,0.570053369140625,2.3804972167968748,2.063511684536934e-05,0.23546640574932098,0.006652184762060642,1116.808497997561,7934.99072265625,21.79175141721862
399,9538.296875,2354.4515669345856,66.05785805732012,0.5696222167968751,2.3804291015625,2.063944935798645e-05,0.23544515669345856,0.006605785805732012,1117.4756180902768,7934.763671875,21.883155063751474
400,9724.2783203125,2354.144901037216,65.60739129781723,0.56920732421875,2.380353955078125,9.248612821102143e-05,0.23541449010372162,0.006560739129781723,1118.0981746969628,7934.51318359375,93.0435400284241
401,9718.6328125,2353.433519601822,65.26543293148279,0.5685674316406251,2.3804712890625,9.24975946545601e-05,0.2353433519601822,0.006526543293148279,1118.2207759960656,7934.904296875,88.83523414257525
402,9713.8916015625,2352.469116449356,65.01849740743637,0.5677400390625,2.3807337890625,9.250676631927491e-05,0.2352469116449356,0.006501849740743637,1117.9296852237603,7935.779296875,85.32520022846438
403,9710.01171875,2351.4287173748016,64.85085003077984,0.566768798828125,2.381124609375,9.251823276281356e-05,0.23514287173748016,0.006485085003077984,1117.3189353936323,7937.08203125,82.42818322984613
404,9706.8916015625,2350.4941165447235,64.74366411566734,0.5657009277343751,2.3816081542968752,9.252740442752839e-05,0.23504941165447235,0.006474366411566734,1116.4872954927705,7938.69384765625,80.05673321818449
405,9704.39453125,2349.7433960437775,64.67689294368029,0.564581884765625,2.3821375488281253,9.25365835428238e-05,0.23497433960437775,0.006467689294368029,1115.5235734480302,7940.45849609375,78.13626113513692
406,9702.462890625,2349.196672439575,64.63097408413887,0.563454052734375,2.382690673828125,9.254575520753861e-05,0.23491966724395752,0.006463097408413887,1114.506969554408,7942.30224609375,76.59737187375413
407,9700.9287109375,2348.7894237041473,64.58678282797337,0.5623537597656251,2.38321787109375,9.255263954401016e-05,0.23487894237041473,0.006458678282797337,1113.5002419916418,7944.0595703125,75.37671346675779
408,9699.708984375,2348.393499851227,64.52839355915785,0.561310107421875,2.38369541015625,9.256181865930557e-05,0.23483934998512268,0.006452839355915785,1112.549684372294,7945.6513671875,74.42426701833392
409,9698.7353515625,2347.882241010666,64.44213911890984,0.5603458496093751,2.3841087890625,9.257099032402038e-05,0.2347882241010666,0.006444213911890984,1111.6905438922986,7947.029296875,73.69203973099684
410,9697.93359375,2347.1644520759583,64.31904621422291,0.5594757812500001,2.38444365234375,9.25801619887352e-05,0.23471644520759583,0.006431904621422291,1110.9432951903436,7948.1455078125,73.14103462988942
411,9697.2236328125,2346.199154853821,64.15434647351503,0.55870908203125,2.38468623046875,9.258704632520676e-05,0.23461991548538208,0.006415434647351503,1110.3199326586473,7948.9541015625,72.73659042205554
412,9696.5771484375,2345.064878463745,63.947481103241444,0.558049755859375,2.384834619140625,9.259622544050217e-05,0.2345064878463745,0.006394748110324144,1109.8293245000968,7949.44873046875,72.45504872654465
413,9695.9599609375,2343.846410512924,63.70154209434986,0.557495849609375,2.384889697265625,9.260310977697372e-05,0.23438464105129242,0.006370154209434986,1109.4722390406241,7949.63232421875,72.27027254522454
414,9695.353515625,2342.675030231476,63.423411920666695,0.5570419433593751,2.3848542480468753,9.261228144168854e-05,0.23426750302314758,0.0063423411920666695,1109.2456660350945,7949.51416015625,72.16691630855621
415,9694.76953125,2341.6562378406525,63.121733255684376,0.556679443359375,2.3847427734375,9.26191657781601e-05,0.23416562378406525,0.006312173325568438,1109.1425512894057,7949.142578125,72.12595994931235
416,9694.1826171875,2340.86275100708,62.806541100144386,0.55639599609375,2.3845584960937503,9.26283448934555e-05,0.234086275100708,0.006280654110014439,1109.1489669100702,7948.5283203125,72.13819629184854
417,9693.6064453125,2340.284585952759,62.48821970075369,0.5561781250000001,2.38432001953125,9.263522922992707e-05,0.23402845859527588,0.006248821970075369,1109.245975682512,7947.7333984375,72.18960963305108
418,9692.98828125,2339.859753847122,62.176696956157684,0.556010693359375,2.384025146484375,9.264211356639862e-05,0.23398597538471222,0.006217669695615768,1109.4091610150354,7946.75048828125,72.2733618262564
419,9692.3818359375,2339.5219445228577,61.87994033098221,0.555879443359375,2.3837041992187498,9.264899790287018e-05,0.23395219445228577,0.006187994033098221,1109.613293247603,7945.6806640625,72.38273081252919
420,9691.767578125,2339.180111885071,61.604343354701996,0.555770458984375,2.3833647949218753,9.26581770181656e-05,0.23391801118850708,0.0061604343354702,1109.8316899077763,7944.54931640625,72.51397036950038
421,9691.10546875,2338.7792706489563,61.35428790003061,0.555671923828125,2.38300986328125,9.266506135463715e-05,0.23387792706489563,0.006135428790003061,1110.0391598925926,7943.3662109375,72.65917571439877
422,9690.4189453125,2338.312864303589,61.132051050662994,0.55557392578125,2.38265595703125,9.267194569110871e-05,0.2338312864303589,0.0061132051050662994,1110.215769667091,7942.1865234375,72.81663629574086
423,9689.6806640625,2337.810695171356,60.93781907111406,0.555468798828125,2.38230234375,9.268112480640412e-05,0.23378106951713562,0.006093781907111406,1110.3457166363805,7941.0078125,72.98506209222069
424,9688.9609375,2337.3280465602875,60.77027413994074,0.5553511230468751,2.3819771484375,9.268801659345627e-05,0.23373280465602875,0.006077027413994074,1110.4185827345282,7939.923828125,73.15844670557681
425,9688.138671875,2336.9240760803223,60.626850463449955,0.5552179687500001,2.381648291015625,9.269260615110397e-05,0.23369240760803223,0.0060626850463449955,1110.4283425257308,7938.82763671875,73.33460624560394
426,9687.2822265625,2336.609363555908,60.503906570374966,0.55506728515625,2.3813361328125002,9.270179271697998e-05,0.23366093635559082,0.006050390657037497,1110.370479969788,7937.787109375,73.51683307268831
427,9686.38671875,2336.398810148239,60.397833585739136,0.5548986816406251,2.3810440429687505,9.270638227462769e-05,0.2336398810148239,0.006039783358573914,1110.243968778741,7936.8134765625,73.69645876126015
428,9685.3779296875,2336.239665746689,60.30433811247349,0.5547130859375,2.3807471191406253,9.271326661109925e-05,0.23362396657466888,0.006030433811247349,1110.0500135484617,7935.82373046875,73.87763619747784
429,9684.3486328125,2336.064875125885,60.22003944963217,0.5545120605468751,2.380473193359375,9.272244572639466e-05,0.2336064875125885,0.006022003944963217,1109.789610229629,7934.91064453125,74.05940495800314
430,9683.275390625,2335.8358442783356,60.14144513756037,0.5542980468750001,2.3802146484374997,9.272703528404237e-05,0.23358358442783356,0.006014144513756037,1109.469737103791,7934.048828125,74.23627175297042
431,9682.134765625,2335.5092108249664,60.0661663338542,0.5540740234375,2.37995771484375,9.273392707109451e-05,0.23355092108249664,0.00600661663338542,1109.099854993372,7933.1923828125,74.4136956668167
432,9680.9541015625,2335.081249475479,59.99227985739708,0.5538428710937501,2.3797069335937504,9.274081140756608e-05,0.2335081249475479,0.005999227985739708,1108.6898892672616,7932.3564453125,74.59013723998487
433,9679.744140625,2334.5947265625,59.91838872432709,0.5536078125,2.379458056640625,9.274999797344207e-05,0.23345947265625,0.005991838872432709,1108.2548183226027,7931.52685546875,74.76789398096935
434,9678.53515625,2334.1186344623566,59.84369199723005,0.5533718261718751,2.3792150390625,9.275459498167038e-05,0.23341186344623566,0.005984369199723005,1107.8110159028074,7930.716796875,74.94218009948236
435,9677.3076171875,2333.693355321884,59.76810120046139,0.5531366210937501,2.3789635253906254,9.276147931814194e-05,0.23336933553218842,0.005976810120046139,1107.3703191778186,7929.87841796875,75.11885628431855
436,9676.08203125,2333.3778977394104,59.69169083982706,0.552904150390625,2.3787061523437503,9.276837110519409e-05,0.23333778977394104,0.005969169083982706,1106.9443810925732,7929.0205078125,75.29631697858349
437,9674.8935546875,2333.187013864517,59.61470305919647,0.5526751953125,2.3784509765625,9.27729606628418e-05,0.23331870138645172,0.005961470305919647,1106.5392018347047,7928.169921875,75.47288726689294
438,9673.705078125,2333.1068456172943,59.53763611614704,0.55245009765625,2.3781849609375003,9.277985244989396e-05,0.23331068456172943,0.005953763611614704,1106.1557789831568,7927.283203125,75.65203140134008
439,9672.552734375,2333.099991083145,59.460774064064026,0.55222880859375,2.377921142578125,9.278674423694611e-05,0.23330999910831451,0.005946077406406403,1105.7912834445597,7926.40380859375,75.83168269343423
440,9671.40625,2333.127111196518,59.38515532761812,0.552010888671875,2.377654248046875,9.279133379459381e-05,0.2333127111196518,0.005938515532761812,1105.4396410242043,7925.51416015625,76.00971751244288
441,9670.2294921875,2333.1625759601593,59.31082181632519,0.551795654296875,2.37737490234375,9.279822558164596e-05,0.23331625759601593,0.005931082181632519,1105.0938034579303,7924.5830078125,76.18946718535562
442,9669.0556640625,2333.1984877586365,59.23864897340536,0.5515830078125,2.3770959960937503,9.280281513929367e-05,0.23331984877586365,0.005923864897340536,1104.750534704508,7923.6533203125,76.36710465399347
443,9667.84765625,2333.233058452606,59.16895344853401,0.5513718261718751,2.3768077148437503,9.280970692634583e-05,0.23332330584526062,0.005916895344853401,1104.4046316016102,7922.6923828125,76.54618229865991
444,9666.625,2333.3126306533813,59.10200998187065,0.5511622070312501,2.37651533203125,9.281659871339798e-05,0.23333126306533813,0.005910200998187065,1104.0574465219688,7921.7177734375,76.7247418494112
445,9665.40234375,2333.439886569977,59.03822369873524,0.5509529296875,2.3762250000000003,9.282119572162628e-05,0.23334398865699768,0.005903822369873524,1103.7086742123356,7920.75,76.90113693843159
446,9664.1259765625,2333.6440324783325,58.97788796573877,0.550744384765625,2.375917529296875,9.282578527927399e-05,0.23336440324783325,0.005897788796573877,1103.3627929352224,7919.72509765625,77.07719733276099
447,9662.8896484375,2333.9155316352844,58.92094690352678,0.55053583984375,2.375619140625,9.283267706632615e-05,0.23339155316352844,0.005892094690352678,1103.0215332789085,7918.73046875,77.25497536199236
448,9661.6640625,2334.2464864254,58.86670667678118,0.5503275878906251,2.375321923828125,9.283727407455444e-05,0.23342464864253998,0.005886670667678118,1102.6868710362178,7917.73974609375,77.43067798976335
449,9660.44921875,2334.5887660980225,58.815679512917995,0.550119140625,2.3750254394531254,9.28441658616066e-05,0.23345887660980225,0.0058815679512917995,1102.3559356009355,7916.75146484375,77.60792483542673
450,9746.408203125,2334.931641817093,58.767376467585564,0.549911083984375,2.3747295410156255,9.284875541925431e-05,0.2334931641817093,0.005876737646758556,1102.0267005733622,7915.76513671875,77.78278110294059
451,9745.15234375,2335.3251814842224,58.839451521635056,0.5494384765625,2.3746598144531252,9.285565465688705e-05,0.23353251814842224,0.0058839451521635056,1101.1915110975679,7915.53271484375,77.9581482327103
452,9743.8916015625,2335.728704929352,59.01364143937826,0.5487439453125,2.3747815429687504,9.286024421453476e-05,0.23357287049293518,0.005901364143937826,1099.9460532654484,7915.9384765625,78.12943781507693
453,9742.673828125,2336.079478263855,59.26632322371006,0.547878466796875,2.37506015625,9.286713600158692e-05,0.2336079478263855,0.005926632322371006,1098.3917258224828,7916.8671875,78.29981702761143
454,9741.466796875,2336.316406726837,59.57127083092928,0.546896630859375,2.375442041015625,9.287173300981521e-05,0.23363164067268372,0.005957127083092928,1096.6277190412948,7918.14013671875,78.46518114833043
455,9740.291015625,2336.42041683197,59.900861233472824,0.545852783203125,2.375887646484375,9.287862479686737e-05,0.23364204168319702,0.005990086123347282,1094.748696349343,7919.62548828125,78.62921044325867
456,9739.1396484375,2336.3910615444183,60.228812508285046,0.5447962890625,2.37635712890625,9.288322180509568e-05,0.23363910615444183,0.0060228812508285046,1092.838372032129,7921.1904296875,78.78835163214717
457,9737.9306640625,2336.28511428833,60.53107790648937,0.54376982421875,2.376790283203125,9.289011359214783e-05,0.233628511428833,0.006053107790648937,1090.969823730382,7922.63427734375,78.94688459259669
458,9736.666015625,2336.162030696869,60.78819278627634,0.54280625,2.3771625,9.289471060037613e-05,0.2336162030696869,0.006078819278627634,1089.1996599528939,7923.875,79.10156403870269
459,9735.3583984375,2336.077094078064,60.98642013967037,0.5419296875,2.3774560546875,9.290160238742828e-05,0.2336077094078064,0.006098642013967037,1087.5711595627945,7924.853515625,79.25678160152347
460,9734.0185546875,2336.0902070999146,61.11782044172287,0.541155419921875,2.377660986328125,9.290390461683274e-05,0.23360902070999146,0.006111782044172287,1086.1161033841636,7925.53662109375,79.40778093063773
461,9732.595703125,2336.2113535404205,61.18146236985922,0.540490673828125,2.3777509277343754,9.291079640388489e-05,0.23362113535404205,0.006118146236985922,1084.8507175119012,7925.83642578125,79.56263278021834
462,9731.1455078125,2336.442768573761,61.181685887277126,0.5399365234375,2.377742578125,9.291540086269379e-05,0.2336442768573761,0.006118168588727713,1083.780448026664,7925.80859375,79.71617950934433
463,9729.658203125,2336.7635905742645,61.12756207585335,0.539488525390625,2.3776343261718753,9.29199904203415e-05,0.23367635905742645,0.006112756207585335,1082.899538802667,7925.44775390625,79.87057896538772
464,9728.1083984375,2337.1590673923492,61.031971126794815,0.5391380859375,2.37742587890625,9.292228519916535e-05,0.23371590673923492,0.0061031971126794815,1082.1952282213897,7924.7529296875,80.02410599520681
465,9726.5478515625,2337.6235365867615,60.90918090194464,0.53887392578125,2.3771384765625,9.29291844367981e-05,0.23376235365867615,0.006090918090194464,1081.6486068101804,7923.794921875,80.18239040895423
466,9724.9462890625,2338.1513357162476,60.773612931370735,0.538681689453125,2.3767775390625,9.29337814450264e-05,0.23381513357162476,0.0060773612931370735,1081.2344876307106,7922.591796875,80.339592096459
467,9723.33203125,2338.738292455673,60.63905078917742,0.5385465332031251,2.3763635742187503,9.293837845325471e-05,0.23387382924556732,0.006063905078917742,1080.9254865093462,7921.2119140625,80.49744426459984
468,9721.6865234375,2339.40526843071,60.516102239489555,0.5384531738281251,2.3759044921875,9.294297546148301e-05,0.23394052684307098,0.0060516102239489555,1080.6928504153984,7919.681640625,80.65540241990448
469,9720.0068359375,2340.150326490402,60.41348911821842,0.538386474609375,2.37541435546875,9.294527024030686e-05,0.23401503264904022,0.006041348911821842,1080.5071570462678,7918.0478515625,80.81125499916243
470,9718.3388671875,2340.9587144851685,60.335383750498295,0.5383330078125,2.374919091796875,9.294987469911576e-05,0.23409587144851685,0.0060335383750498295,1080.3397694267915,7916.39697265625,80.96807193331324
471,9716.638671875,2341.8258130550385,60.284361243247986,0.5382818359375,2.37441826171875,9.295447170734406e-05,0.23418258130550385,0.006028436124324799,1080.1645664031967,7914.7275390625,81.12300255902028
472,9714.8837890625,2342.7049815654755,60.25897804647684,0.5382236816406251,2.37391875,9.295906871557236e-05,0.23427049815654755,0.006025897804647684,1079.9547547474867,7913.0625,81.27491264502169
473,9713.0625,2343.5810208320618,60.25637034326792,0.53815302734375,2.373427001953125,9.296365827322007e-05,0.23435810208320618,0.006025637034326792,1079.689651892535,7911.42333984375,81.42276253791442
474,9711.173828125,2344.420403242111,60.271695256233215,0.538066357421875,2.372951513671875,9.296596050262451e-05,0.23444204032421112,0.0060271695256233215,1079.3528451472594,7909.83837890625,81.56350160315924
475,9709.1689453125,2345.1879620552063,60.29942538589239,0.537962353515625,2.372480712890625,9.297285228967666e-05,0.23451879620552063,0.006029942538589239,1078.933467335548,7908.26904296875,81.70215244535484
476,9707.052734375,2345.8626866340637,60.334205627441406,0.5378412109375,2.372020458984375,9.297745674848556e-05,0.23458626866340637,0.006033420562744141,1078.4281914137246,7906.73486328125,81.8323402603337
477,9704.8564453125,2346.4377224445343,60.37106737494469,0.5377046875,2.3715771972656254,9.298205375671387e-05,0.23464377224445343,0.006037106737494469,1077.8406810311135,7905.25732421875,81.95610970418784
478,9702.5859375,2346.9093441963196,60.40547974407673,0.537555078125,2.37114931640625,9.298434853553773e-05,0.23469093441963196,0.006040547974407673,1077.181128052005,7903.8310546875,82.07195079199482
479,9700.2490234375,2347.2926020622253,60.43465808033943,0.5373943847656251,2.370729052734375,9.298895299434662e-05,0.23472926020622253,0.006043465808033943,1076.4648982385406,7902.43017578125,82.18474226236322
480,9697.8232421875,2347.6190865039825,60.456572100520134,0.5372254394531251,2.370302490234375,9.299124777317048e-05,0.23476190865039825,0.006045657210052013,1075.710686282182,7901.00830078125,82.29168070715423
481,9695.3994140625,2347.913831472397,60.47057919204235,0.53705048828125,2.36988603515625,9.299355000257492e-05,0.23479138314723969,0.006047057919204235,1074.9387126805523,7899.6201171875,82.39590083520079
482,9692.984375,2348.213791847229,60.476986691355705,0.5368716796875,2.369472802734375,9.299814701080322e-05,0.2348213791847229,0.0060476986691355705,1074.165375978453,7898.24267578125,82.50014677196305
483,9690.5908203125,2348.5296964645386,60.476488433778286,0.536691357421875,2.3690607421875,9.300274401903153e-05,0.23485296964645386,0.006047648843377829,1073.404803453821,7896.869140625,82.60333544188734
484,9688.1875,2348.8758504390717,60.470812022686005,0.5365110839843751,2.3686359375,9.300734102725983e-05,0.23488758504390717,0.0060470812022686005,1072.665623096771,7895.453125,82.7060684187918
485,9685.8056640625,2349.216192960739,60.46175956726074,0.5363318359375,2.368209814453125,9.300734102725983e-05,0.2349216192960739,0.006046175956726074,1071.947447763785,7894.03271484375,82.80441755107313
486,9683.4404296875,2349.5611548423767,60.4507140815258,0.536154296875,2.367778125,9.301194548606873e-05,0.23495611548423767,0.00604507140815258,1071.2483468587743,7892.59375,82.90633158617493
487,9681.0615234375,2349.8913645744324,60.43942179530859,0.535978369140625,2.36733896484375,9.301424026489258e-05,0.23498913645744324,0.006043942179530859,1070.5595609435331,7891.1298828125,83.00528579798993
488,9678.6767578125,2350.18789768219,60.42944733053446,0.535803125,2.3668974609375004,9.301883727312088e-05,0.235018789768219,0.006042944733053446,1069.8713234863244,7889.658203125,83.1048993617128
489,9676.2841796875,2350.461184978485,60.42191758751869,0.53562724609375,2.3664591796875,9.302344173192978e-05,0.2350461184978485,0.006042191758751869,1069.1731807573233,7888.197265625,83.20278029825658
490,9673.861328125,2350.7151007652283,60.417503118515015,0.5354494140625,2.366021044921875,9.302573651075363e-05,0.23507151007652283,0.0060417503118515015,1068.4588417408522,7886.73681640625,83.29676272624192
491,9671.390625,2350.963056087494,60.416837222874165,0.535269287109375,2.3655767578124998,9.303033351898193e-05,0.2350963056087494,0.0060416837222874165,1067.7266041542316,7885.255859375,83.39082039816276
492,9668.9013671875,2351.2040078639984,60.41985936462879,0.535086181640625,2.3651370117187502,9.303263574838639e-05,0.23512040078639984,0.006041985936462879,1066.9767180596682,7883.7900390625,83.48098230427422
493,9666.3544921875,2351.434975862503,60.42676046490669,0.5349012695312501,2.3646870117187504,9.303493797779083e-05,0.2351434975862503,0.006042676046490669,1066.2132915842521,7882.2900390625,83.5695188692589
494,9663.7890625,2351.643741130829,60.43714005500078,0.534715673828125,2.3642359863281253,9.303724020719528e-05,0.23516437411308289,0.006043714005500078,1065.4411267390096,7880.78662109375,83.656606006949
495,9661.2080078125,2351.823002099991,60.45076996088028,0.5345310058593751,2.363782470703125,9.304183721542358e-05,0.23518230020999908,0.006045076996088028,1064.664238941623,7879.27490234375,83.7443658627526
496,9658.6044921875,2351.956069469452,60.46634633094072,0.534348876953125,2.3633244140625003,9.304413944482804e-05,0.2351956069469452,0.006046634633094072,1063.8861598051153,7877.748046875,83.82882843905918
497,9655.95703125,2352.0490527153015,60.484386049211025,0.5341705566406251,2.3628530273437502,9.304873645305634e-05,0.23520490527153015,0.0060484386049211025,1063.1071879807423,7876.1767578125,83.91388234041642
498,9653.296875,2352.1025478839874,60.503995046019554,0.5339967285156251,2.3623806152343754,9.305103868246079e-05,0.23521025478839874,0.006050399504601955,1062.3259776667983,7874.60205078125,83.99523140497195
499,9650.611328125,2352.1237075328827,60.524893924593925,0.533827880859375,2.361903662109375,9.305333346128465e-05,0.23521237075328827,0.0060524893924593925,1061.5403181780857,7873.01220703125,84.0747204557747
500,9736.701171875,2352.1187901496887,60.54720841348171,0.533663623046875,2.36141572265625,9.305563569068909e-05,0.23521187901496887,0.006054720841348171,1060.748241548361,7871.3857421875,84.15211290702064
501,9733.91015625,2353.0399799346924,60.708015225827694,0.53319501953125,2.361206103515625,9.306023269891739e-05,0.23530399799346924,0.006070801522582769,1059.3887227412924,7870.68701171875,84.22772379420985
502,9731.1728515625,2354.14519906044,60.983067378401756,0.53248310546875,2.361222802734375,9.30648371577263e-05,0.235414519906044,0.006098306737840176,1057.6025058826199,7870.74267578125,84.29880998864837
503,9728.4462890625,2354.6060919761658,61.34205497801304,0.5316035156250001,2.36138701171875,9.30648371577263e-05,0.23546060919761658,0.006134205497801304,1055.5294406984467,7871.2900390625,84.36202523356587
504,9725.7802734375,2354.0304601192474,61.75118964165449,0.53062841796875,2.3616521484375004,9.30694341659546e-05,0.23540304601192474,0.006175118964165449,1053.285746556794,7872.173828125,84.42643414137274
505,9723.0732421875,2352.689653635025,62.178028747439384,0.529616455078125,2.361945556640625,9.307403862476349e-05,0.2352689653635025,0.0062178028747439384,1050.961583211938,7873.15185546875,84.48850959811261
506,9720.3232421875,2351.2572050094604,62.592122703790665,0.528611669921875,2.3622322265625,9.307633340358735e-05,0.23512572050094604,0.0062592122703790665,1048.628997320011,7874.107421875,84.54618058306187
507,9717.5146484375,2350.289076566696,62.967296689748764,0.5276486328125001,2.36247509765625,9.307863563299179e-05,0.23502890765666962,0.006296729668974876,1046.352577500802,7874.9169921875,84.60138981619093
508,9714.66796875,2349.8329520225525,63.28270770609379,0.5267587402343751,2.36265029296875,9.308324009180069e-05,0.23498329520225525,0.006328270770609379,1044.1913302944304,7875.5009765625,84.65616165983738
509,9711.716796875,2349.5028913021088,63.524479046463966,0.5259703125,2.3627148925781247,9.3087837100029e-05,0.23495028913021088,0.006352447904646397,1042.1942324792035,7875.71630859375,84.70949995709452
510,9708.8583984375,2348.8637804985046,63.687507063150406,0.525302392578125,2.3626699218750002,9.309013932943344e-05,0.23488637804985046,0.006368750706315041,1040.4728916957902,7875.56640625,84.7679695090128
511,9706.1865234375,2347.8111624717712,63.77567071467638,0.524759423828125,2.362501171875,9.30924341082573e-05,0.23478111624717712,0.006377567071467638,1039.1045074356734,7875.00390625,84.84154326237558
512,9703.576171875,2346.7040061950684,63.802110962569714,0.5243296875,2.3622052734375,9.309473633766174e-05,0.23467040061950684,0.006380211096256971,1038.0216698606964,7874.017578125,84.92719601390854
513,9701.09375,2346.082478761673,63.78500256687403,0.5239931640625001,2.3618225097656254,9.309934079647064e-05,0.2346082478761673,0.006378500256687403,1037.1825789600553,7872.74169921875,85.02570050212671
514,9698.697265625,2346.237748861313,63.74489516019821,0.523728955078125,2.361354052734375,9.310164302587509e-05,0.2346237748861313,0.006374489516019821,1036.563617195592,7871.18017578125,85.13266176092247
515,9696.455078125,2347.0354080200195,63.70103918015957,0.523522021484375,2.3608281738281254,9.310393780469895e-05,0.23470354080200195,0.006370103918015957,1036.1461754186603,7869.42724609375,85.2495943708941
516,9694.314453125,2347.9945957660675,63.669062219560146,0.52336240234375,2.360245458984375,9.310624003410339e-05,0.23479945957660675,0.006366906221956015,1035.89881047963,7867.48486328125,85.37517725879115
517,9692.2666015625,2348.7184941768646,63.6609923094511,0.52323974609375,2.3596259765625,9.31108444929123e-05,0.23487184941768646,0.00636609923094511,1035.7747036916408,7865.419921875,85.50970569523815
518,9690.267578125,2349.172979593277,63.684829510748386,0.523139697265625,2.358983203125,9.311314672231674e-05,0.2349172979593277,0.006368482951074839,1035.724843245247,7863.27734375,85.64740349820795
519,9688.2724609375,2349.63983297348,63.743856735527515,0.5230439941406251,2.3583216796875,9.31154415011406e-05,0.23496398329734802,0.0063743856735527515,1035.7116672839038,7861.072265625,85.78928974529435
520,9686.361328125,2350.4215478897095,63.8373289257288,0.522937255859375,2.35767216796875,9.31200385093689e-05,0.23504215478897095,0.00638373289257288,1035.7198193599106,7858.9072265625,85.93683126144242
521,9684.49609375,2351.5380918979645,63.95889911800623,0.522812109375,2.3570267578125,9.312234818935394e-05,0.23515380918979645,0.006395889911800623,1035.747117282066,7856.755859375,86.08513144079552
522,9682.701171875,2352.667450904846,64.10003639757633,0.52266884765625,2.356394970703125,9.312465041875839e-05,0.23526674509048462,0.006410003639757633,1035.7880755256483,7854.64990234375,86.23504619288315
523,9680.9228515625,2353.445738554001,64.25033323466778,0.522511376953125,2.3557690429687503,9.312694519758225e-05,0.23534457385540009,0.006425033323466778,1035.8272388920159,7852.5634765625,86.38483060853514
524,9679.142578125,2353.752851486206,64.40150085836649,0.5223386230468751,2.3551584960937504,9.312924742698669e-05,0.2353752851486206,0.006440150085836649,1035.8361941804105,7850.5283203125,86.53270229463305
525,9677.2734375,2353.8362979888916,64.54798858612776,0.52214560546875,2.354546044921875,9.313385188579559e-05,0.23538362979888916,0.006454798858612776,1035.795148911231,7848.48681640625,86.67951223826094
526,9675.388671875,2354.0546000003815,64.68570325523615,0.5219272460937501,2.35395849609375,9.313385188579559e-05,0.23540546000003815,0.006468570325523615,1035.701152196707,7846.5283203125,86.81897995408235
527,9673.5205078125,2354.5607924461365,64.81334567070007,0.5216835937500001,2.353395703125,9.313614666461945e-05,0.23545607924461365,0.006481334567070007,1035.5666147527518,7844.65234375,86.95763430815532
528,9671.630859375,2355.158179998398,64.93107415735722,0.521421875,2.352840234375,9.314075857400894e-05,0.23551581799983978,0.006493107415735722,1035.4058219213039,7842.80078125,87.09546627975124
529,9669.720703125,2355.549931526184,65.03921933472157,0.521152685546875,2.35229033203125,9.31430533528328e-05,0.2355549931526184,0.0065039219334721565,1035.2251695251252,7840.9677734375,87.22810562487575
530,9667.7001953125,2355.5785417556763,65.14022592455149,0.5208830566406251,2.3517222656250003,9.31430533528328e-05,0.23555785417556763,0.006514022592455149,1035.0198377881316,7839.07421875,87.35563156315766
531,9665.611328125,2355.3986847400665,65.23788440972567,0.5206123046875,2.351149365234375,9.31476503610611e-05,0.23553986847400665,0.006523788440972567,1034.7812112748215,7837.16455078125,87.48479171677172
532,9663.4619140625,2355.30287027359,65.33556152135134,0.52033583984375,2.3505757324218752,9.314996004104614e-05,0.235530287027359,0.006533556152135134,1034.5095150583365,7835.25244140625,87.61037444436442
533,9661.27734375,2355.4638028144836,65.43586496263742,0.52005029296875,2.350003125,9.315455704927445e-05,0.23554638028144836,0.0065435864962637424,1034.213030308747,7833.34375,87.73791862483404
534,9659.05859375,2355.7689785957336,65.54048974066973,0.51975625,2.3494293457031254,9.315455704927445e-05,0.23557689785957336,0.006554048974066973,1033.9002766739577,7831.43115234375,87.86211711996248
535,9656.8125,2356.0048639774323,65.64948242157698,0.519456884765625,2.34885322265625,9.315685927867889e-05,0.23560048639774323,0.006564948242157698,1033.5731421992314,7829.5107421875,87.98974668755545
536,9654.5205078125,2356.090247631073,65.76190236955881,0.5191536621093751,2.3482708007812505,9.31614637374878e-05,0.2356090247631073,0.006576190236955881,1033.2268040396812,7827.5693359375,88.12078260554699
537,9652.181640625,2356.1444878578186,65.87786599993706,0.518844189453125,2.347687060546875,9.316376596689224e-05,0.23561444878578186,0.006587786599993706,1032.855198912228,7825.62353515625,88.25110593670252
538,9649.8359375,2356.371581554413,65.99670276045799,0.518526708984375,2.3471116699218753,9.316376596689224e-05,0.23563715815544128,0.006599670276045799,1032.4624124811453,7823.70556640625,88.38089493561574
539,9647.4580078125,2356.804609298706,66.11726246774197,0.518202490234375,2.3465301269531254,9.316837042570114e-05,0.2356804609298706,0.006611726246774197,1032.057071379255,7821.76708984375,88.51656535746815
540,9645.0234375,2357.2836816310883,66.23721681535244,0.51787744140625,2.345933642578125,9.3170665204525e-05,0.23572836816310883,0.006623721681535244,1031.6481555366772,7819.77880859375,88.65112592616697
541,9642.5634765625,2357.6030135154724,66.3547357544303,0.517557421875,2.345330126953125,9.31752696633339e-05,0.23576030135154724,0.006635473575443029,1031.2360048798146,7817.76708984375,88.78809866999336
542,9640.02734375,2357.768565416336,66.46865047514439,0.517244970703125,2.3447103515625,9.31752696633339e-05,0.2357768565416336,0.006646865047514439,1030.815382032204,7815.701171875,88.92029222122164
543,9637.4375,2357.9446971416473,66.57850462943316,0.5169380859375,2.3440790039062502,9.317987412214279e-05,0.23579446971416473,0.0066578504629433155,1030.382039545686,7813.5966796875,89.05590260098234
544,9634.7666015625,2358.306646347046,66.68399088084698,0.5166353515625001,2.3434289062499998,9.318216890096665e-05,0.2358306646347046,0.006668399088084698,1029.9398999402474,7811.4296875,89.18840525639735
545,9632.0419921875,2358.8351905345917,66.7852396145463,0.516337744140625,2.342763134765625,9.318677335977555e-05,0.23588351905345917,0.00667852396145463,1029.4959449635353,7809.21044921875,89.32213290554091
546,9629.24609375,2359.3607544898987,66.88204128295183,0.516048046875,2.3420775878906253,9.318677335977555e-05,0.23593607544898987,0.006688204128295183,1029.0537502352963,7806.92529296875,89.45062304207477
547,9626.380859375,2359.7848415374756,66.97501987218857,0.515767333984375,2.341371826171875,9.318907558918e-05,0.23597848415374756,0.006697501987218857,1028.609416080617,7804.57275390625,89.58013183877028
548,9623.4775390625,2360.197901725769,67.06560961902142,0.51549326171875,2.3406575683593753,9.31936800479889e-05,0.2360197901725769,0.006706560961902142,1028.1581527633825,7802.19189453125,89.71077671555577
549,9620.53515625,2360.735833644867,67.15633440762758,0.5152213378906251,2.339937890625,9.319598227739334e-05,0.2360735833644867,0.006715633440762758,1027.6964097390446,7799.79296875,89.83858336409503
550,9708.53515625,2361.452579498291,67.24864710122347,0.51494951171875,2.339201513671875,9.320058673620224e-05,0.2361452579498291,0.006724864710122347,1027.2257986159093,7797.33837890625,89.96840813634935
551,9705.666015625,2364.189326763153,67.51154083758593,0.514281640625,2.3388489257812504,9.320288151502609e-05,0.2364189326763153,0.006751154083758593,1026.1034238567809,7796.1630859375,90.1001198167387
552,9702.951171875,2366.4481937885284,67.90944375097752,0.513330810546875,2.3387607421875,9.320288151502609e-05,0.23664481937885284,0.006790944375097752,1024.5551162771153,7795.869140625,90.23292709651469
553,9700.2900390625,2366.4477467536926,68.39990615844727,0.5122130859375,2.338832080078125,9.320749342441559e-05,0.23664477467536926,0.0068399906158447266,1022.7234371525701,7796.10693359375,90.36961993641944
554,9697.609375,2365.052253007889,68.94438061863184,0.511005419921875,2.33899482421875,9.321209788322449e-05,0.23650522530078888,0.006894438061863184,1020.7048033175743,7796.6494140625,90.50388364329774
555,9694.916015625,2364.322692155838,69.50505077838898,0.509757568359375,2.339195068359375,9.321209788322449e-05,0.2364322692155838,0.006950505077838898,1018.6112303268965,7797.31689453125,90.63261919938304
556,9692.2431640625,2364.8321628570557,70.04156243056059,0.508532861328125,2.33936689453125,9.321670234203339e-05,0.23648321628570557,0.007004156243056059,1016.5798537551964,7797.8896484375,90.76606573315985
557,9689.46484375,2365.179657936096,70.51380816847086,0.5074092773437501,2.33942666015625,9.32212993502617e-05,0.23651796579360962,0.007051380816847086,1014.7056086572265,7798.0888671875,90.89908531985293
558,9686.40625,2364.2367124557495,70.89453749358654,0.5064389648437501,2.33932060546875,9.322360903024674e-05,0.23642367124557495,0.007089453749358654,1012.9957460927835,7797.7353515625,91.0276251838136
559,9683.0419921875,2362.9383742809296,71.1761461570859,0.5056212890625,2.3390595703125,9.322590380907058e-05,0.23629383742809296,0.0071176146157085896,1011.4109857894946,7796.865234375,91.15407986414675
560,9679.4453125,2363.2118105888367,71.37030828744173,0.504923876953125,2.3386699218750002,9.323051571846008e-05,0.23632118105888367,0.007137030828744173,1009.9378306605649,7795.56640625,91.28401573418705
561,9675.716796875,2365.5788600444794,71.4951939880848,0.5043270507812501,2.33816396484375,9.323281049728394e-05,0.23655788600444794,0.007149519398808479,1008.6101534993504,7793.8798828125,91.41695583658293
562,9671.93359375,2368.561029434204,71.56936451792717,0.5038387695312501,2.337545654296875,9.323512017726899e-05,0.2368561029434204,0.007156936451792717,1007.4644832044578,7791.81884765625,91.55588646493561
563,9668.015625,2370.5658316612244,71.61268498748541,0.503463330078125,2.336799462890625,9.323972463607789e-05,0.23705658316612244,0.007161268498748541,1006.4826956607794,7789.33154296875,91.70089358010591
564,9663.9521484375,2371.7504739761353,71.64977956563234,0.503175048828125,2.33595556640625,9.324432164430619e-05,0.23717504739761353,0.007164977956563234,1005.6047471574857,7786.5185546875,91.84751214488915
565,9659.791015625,2373.4813928604126,71.70429918915033,0.502930078125,2.335054248046875,9.324432164430619e-05,0.23734813928604126,0.007170429918915033,1004.7845976031967,7783.51416015625,91.99103805721506
566,9655.6787109375,2376.2787878513336,71.78800646215677,0.50270439453125,2.334137255859375,9.324892610311508e-05,0.23762787878513336,0.007178800646215677,1004.0187215881888,7780.45751953125,92.13964862537159
567,9651.52734375,2379.143536090851,71.89833093434572,0.50250185546875,2.3331826171875,9.325123578310014e-05,0.23791435360908508,0.007189833093434572,1003.3072012127959,7777.275390625,92.28389650194413
568,9647.2685546875,2381.0699582099915,72.02609907835722,0.502330224609375,2.3321868164062503,9.325353056192398e-05,0.23810699582099915,0.007202609907835722,1002.6197458554088,7773.9560546875,92.42190987403319
569,9642.87109375,2382.5231194496155,72.16476835310459,0.5021763671875,2.331167578125,9.325583279132844e-05,0.23825231194496155,0.007216476835310459,1001.905804745591,7770.55859375,92.55102383093708
570,9638.38671875,2384.7003281116486,72.3113538697362,0.50201845703125,2.33015244140625,9.325814247131348e-05,0.23847003281116486,0.0072311353869736195,1001.1422884298663,7767.1748046875,92.67078238088288
571,9633.853515625,2387.797236442566,72.45916407555342,0.5018528808593751,2.3291434570312504,9.326043725013733e-05,0.2387797236442566,0.007245916407555342,1000.3471716799468,7763.8115234375,92.78148707245782
572,9629.2412109375,2390.7335102558136,72.5998217239976,0.501695556640625,2.32812099609375,9.326274693012238e-05,0.23907335102558136,0.007259982172399759,999.5418149423131,7760.4033203125,92.88259194410057
573,9624.513671875,2392.6937580108643,72.72854447364807,0.50155810546875,2.32707861328125,9.326504170894623e-05,0.23926937580108643,0.007272854447364807,998.7185682993731,7756.9287109375,92.97312736544791
574,9619.62109375,2394.242584705353,72.84945342689753,0.5014309570312501,2.326014990234375,9.326504170894623e-05,0.23942425847053528,0.007284945342689753,997.8525407305278,7753.38330078125,93.05167743323
575,9614.685546875,2396.4501917362213,72.9706697165966,0.5012958984375,2.3249671875,9.326964616775513e-05,0.23964501917362213,0.00729706697165966,996.9326971008559,7749.890625,93.1272539766178
576,9609.6962890625,2399.464100599289,73.0966404080391,0.5011488281250001,2.3239283203125,9.327195584774017e-05,0.2399464100599289,0.007309664040803909,995.9719323183526,7746.427734375,93.19543231072203
577,9604.6484375,2402.520030736923,73.22762161493301,0.50099892578125,2.3228895996093755,9.327425807714463e-05,0.24025200307369232,0.007322762161493301,994.9803286874812,7742.96533203125,93.25960996520416
578,9599.509765625,2405.1780998706818,73.36541544646025,0.50084921875,2.32184765625,9.327656030654908e-05,0.24051780998706818,0.007336541544646025,993.9459424976958,7739.4921875,93.32020968325014
579,9594.2978515625,2407.982051372528,73.51591251790524,0.500689990234375,2.3208156738281254,9.327656030654908e-05,0.2407982051372528,0.0073515912517905235,992.8537220081707,7736.05224609375,93.37599116139245
580,9589.056640625,2411.484867334366,73.6832432448864,0.500512451171875,2.319799072265625,9.328116476535798e-05,0.24114848673343658,0.00736832432448864,991.7110216450237,7732.66357421875,93.43530870181166
581,9583.8095703125,2415.296882390976,73.86525627225637,0.5003216796875001,2.31879814453125,9.328116476535798e-05,0.2415296882390976,0.0073865256272256374,990.5387331378297,7729.3271484375,93.48983468539063
582,9578.5341796875,2418.6478555202484,74.05490148812532,0.500129443359375,2.3177976562500002,9.328576922416687e-05,0.24186478555202484,0.007405490148812532,989.3462665564148,7725.9921875,93.54757177267129
583,9573.19921875,2421.51141166687,74.24781564623117,0.49993613281250004,2.316800390625,9.328576922416687e-05,0.242151141166687,0.0074247815646231174,988.1193734875415,7722.66796875,93.59852479688925
584,9567.822265625,2424.6661365032196,74.44438058882952,0.49973271484375004,2.315814990234375,9.328807145357132e-05,0.24246661365032196,0.007444438058882952,986.8449507347977,7719.38330078125,93.64888516206383
585,9562.3984375,2428.469955921173,74.64400958269835,0.499517138671875,2.31483720703125,9.329267591238022e-05,0.2428469955921173,0.0074644009582698345,985.5299069625835,7716.1240234375,93.69844552774839
586,9556.9326171875,2432.3417246341705,74.84237663447857,0.4993017578125,2.3138625,9.329267591238022e-05,0.24323417246341705,0.007484237663447857,984.1925048509438,7712.875,93.73929523825836
587,9551.3955078125,2435.654252767563,75.0363152474165,0.49909960937500003,2.312874609375,9.329728037118911e-05,0.2435654252767563,0.00750363152474165,982.8405980599928,7709.58203125,93.77860641615098
588,9545.7421875,2438.62122297287,75.2276461571455,0.498912158203125,2.311866796875,9.329728037118911e-05,0.243862122297287,0.00752276461571455,981.4713925682663,7706.22265625,93.80642932337105
589,9540.033203125,2441.8802559375763,75.41978266090155,0.498733740234375,2.3108540039062504,9.329728037118911e-05,0.24418802559375763,0.007541978266090155,980.0859103747862,7702.8466796875,93.82735060071991
590,9534.2939453125,2445.514053106308,75.61262231320143,0.4985640625,2.3098382812500002,9.329959005117417e-05,0.2445514053106308,0.007561262231320143,978.6932897269726,7699.4609375,93.84355672842321
591,9528.4638671875,2449.1141736507416,75.80218371003866,0.49840874023437504,2.3087985351562503,9.330419450998307e-05,0.24491141736507416,0.007580218371003866,977.2997579152725,7695.9951171875,93.85417900027824
592,9522.55078125,2452.5800347328186,75.9888906031847,0.498268408203125,2.3077439941406253,9.330419450998307e-05,0.24525800347328186,0.00759888906031847,975.8995126749287,7692.47998046875,93.85231109404049
593,9516.578125,2456.2904238700867,76.1767802760005,0.498137890625,2.30667978515625,9.330649673938752e-05,0.24562904238700867,0.00761767802760005,974.4882966594887,7688.9326171875,93.84519027167971
594,9510.544921875,2460.3578448295593,76.37024391442537,0.4980154296875,2.305604150390625,9.330649673938752e-05,0.24603578448295593,0.007637024391442537,973.0725753748557,7685.34716796875,93.82904501299708
595,9504.4404296875,2464.330792427063,76.56840141862631,0.49790473632812504,2.30451064453125,9.330649673938752e-05,0.2464330792427063,0.007656840141862631,971.6573973914274,7681.7021484375,93.8059120180169
596,9498.27734375,2467.8835272789,76.76930632442236,0.49780634765625004,2.303406884765625,9.330879896879196e-05,0.24678835272789001,0.007676930632442236,970.2336515573552,7678.02294921875,93.7773305595124
597,9492.03515625,2471.3993072509766,76.97355467826128,0.49771328125000003,2.30229521484375,9.331110119819642e-05,0.24713993072509766,0.007697355467826128,968.7863400535425,7674.3173828125,93.74069448209411
598,9485.70703125,2475.2670526504517,77.1829066798091,0.497617822265625,2.30117783203125,9.331340342760086e-05,0.24752670526504517,0.007718290667980909,967.3082308178637,7670.5927734375,93.69603166668003
599,9479.31640625,2479.2860448360443,77.39320397377014,0.49752309570312503,2.300059130859375,9.331340342760086e-05,0.24792860448360443,0.007739320397377014,965.8079447942873,7666.86376953125,93.64031358649618
600,9775.2705078125,2482.973039150238,77.60012522339821,0.49743593750000004,2.298927392578125,0.00021860127151012421,0.2482973039150238,0.007760012522339821,964.2934047523886,7663.09130859375,211.59080718588757
601,9757.23046875,2490.4483556747437,78.03397253155708,0.49682548828125,2.298308203125,0.00021860127151012421,0.24904483556747437,0.007803397253155708,961.9036680216232,7661.02734375,205.08380357815258
602,9741.31640625,2495.3050911426544,78.6110945045948,0.495893115234375,2.2980123046875,0.00021860478818416595,0.24953050911426544,0.00786110945045948,959.0161040078019,7660.041015625,199.65871520548808
603,9727.048828125,2495.5207109451294,79.25846613943577,0.494814208984375,2.297856884765625,0.0002186083197593689,0.24955207109451294,0.007925846613943577,955.8808835632954,7659.52294921875,195.13742630045817
604,9714.107421875,2495.9811568260193,79.93591018021107,0.49366040039062503,2.297773828125,0.0002186083197593689,0.24959811568260193,0.007993591018021107,952.5973129828708,7659.24609375,191.36902128644215
605,9702.1845703125,2499.4631111621857,80.5916078388691,0.49249121093750003,2.297696337890625,0.0002186083197593689,0.24994631111621857,0.00805916078388691,949.2414706433192,7658.98779296875,188.22910184894135
606,9690.884765625,2502.681016921997,81.15987293422222,0.49141611328125,2.297507958984375,0.00021861185133457183,0.2502681016921997,0.008115987293422222,945.9237839916459,7658.35986328125,185.6036767224632
607,9680.958984375,2503.293752670288,81.62027224898338,0.49052436523437504,2.29712021484375,0.00021861185133457183,0.2503293752670288,0.008162027224898338,943.2447642824627,7657.0673828125,183.47499986072853
608,9671.7978515625,2504.48077917099,82.01181888580322,0.48980825195312505,2.2965436523437504,0.00021861185133457183,0.250448077917099,0.008201181888580322,940.9640739829192,7655.1455078125,181.72463731911648
609,9662.958984375,2509.0065598487854,82.35848508775234,0.489221240234375,2.2958031738281255,0.00021861185133457183,0.25090065598487854,0.008235848508775234,938.8835023628271,7652.67724609375,180.25709318576173
610,9654.603515625,2514.7539377212524,82.63276889920235,0.48875766601562504,2.2949232421875,0.00021861185133457183,0.25147539377212524,0.008263276889920235,937.0916139843393,7649.744140625,179.02953640336546
611,9646.83203125,2519.289553165436,82.81666785478592,0.48843149414062503,2.2938714843750003,0.0002186153680086136,0.2519289553165436,0.008281666785478592,935.7266366359618,7646.23828125,178.01894517035635
612,9639.5263671875,2524.157762527466,82.94622413814068,0.4882318359375,2.29266533203125,0.0002186153680086136,0.2524157762527466,0.008294622413814068,934.7400013340812,7642.2177734375,177.17529320056383
613,9632.41796875,2530.5303931236267,83.05867202579975,0.48812998046875,2.29132763671875,0.0002186153680086136,0.25305303931236267,0.008305867202579975,933.9877564082853,7637.7587890625,176.45189035775456
614,9625.533203125,2536.047399044037,83.15067738294601,0.488095263671875,2.2899008789062503,0.00021861185133457183,0.2536047399044037,0.008315067738294601,933.4297346442982,7633.0029296875,175.82403872630766
615,9619.044921875,2539.6758317947388,83.23210291564465,0.488074169921875,2.2884246093750003,0.00021861185133457183,0.2539675831794739,0.008323210291564465,933.0827708359502,7628.08203125,175.29772375585526
616,9612.99609375,2544.2498922348022,83.36287923157215,0.48800600585937504,2.2869732421875,0.00021861185133457183,0.2544249892234802,0.008336287923157215,932.8513056959928,7623.244140625,174.85436226927413
617,9607.0263671875,2551.153302192688,83.58652703464031,0.48787568359375,2.2855546875000003,0.00021861185133457183,0.2551153302192688,0.008358652703464031,932.5607487434754,7618.515625,174.452804428337
618,9600.8232421875,2557.97415971756,83.87715555727482,0.4877017578125,2.284131884765625,0.00021861185133457183,0.255797415971756,0.008387715555727482,932.1335285827518,7613.77294921875,174.06603064082265
619,9594.533203125,2563.602924346924,84.19671095907688,0.48748056640625004,2.28272548828125,0.0002186083197593689,0.2563602924346924,0.008419671095907688,931.6076211885666,7609.0849609375,173.6997610030594
620,9588.19140625,2569.768726825714,84.55071598291397,0.48721396484375,2.2813272949218755,0.0002186083197593689,0.2569768726825714,0.008455071598291397,931.0054170730436,7604.42431640625,173.36504369901377
621,9581.478515625,2576.327919960022,84.94334295392036,0.486941943359375,2.279882666015625,0.0002186083197593689,0.2576327919960022,0.008494334295392036,930.2729444064607,7599.60888671875,173.03985314913734
622,9574.33203125,2581.2548398971558,85.34826338291168,0.48667143554687503,2.2783968750000003,0.0002186083197593689,0.2581254839897156,0.008534826338291168,929.3723814690602,7594.65625,172.71875883669782
623,9567.04296875,2585.681974887848,85.77007800340652,0.486342724609375,2.27691826171875,0.0002186083197593689,0.2585681974887848,0.008577007800340652,928.3465768133829,7589.7275390625,172.42922022959465
624,9559.845703125,2592.3675298690796,86.25252172350883,0.485931982421875,2.2754746582031253,0.00021861185133457183,0.25923675298690796,0.008625252172350883,927.2559571074598,7584.91552734375,172.1908309116443
625,9552.5576171875,2600.257694721222,86.79449558258057,0.48548413085937503,2.2740057128906255,0.00021861185133457183,0.2600257694721222,0.008679449558258057,926.1264637135537,7580.01904296875,171.98832407157443
626,9545.212890625,2606.606185436249,87.3462576419115,0.48500966796875,2.272508203125,0.0002186153680086136,0.2606606185436249,0.00873462576419115,924.9778771401616,7575.02734375,171.82546131278468
627,9537.8701171875,2612.1824979782104,87.90734224021435,0.48449873046875,2.270990625,0.00021861889958381652,0.26121824979782104,0.008790734224021435,923.8282319038262,7569.96875,171.7029688279763
628,9530.380859375,2619.152069091797,88.51397782564163,0.48398662109375,2.2694167968750003,0.00021861889958381652,0.2619152069091797,0.008851397782564163,922.6719622607343,7564.72265625,171.6092178277031
629,9522.732421875,2626.8333196640015,89.15018290281296,0.4834609375,2.267790966796875,0.0002186259478330612,0.26268333196640015,0.008915018290281296,921.4858777786139,7559.30322265625,171.55310181573077
630,9515.13671875,2634.5229148864746,89.7881481796503,0.48287172851562504,2.266175390625,0.00021862947940826417,0.26345229148864746,0.00897881481796503,920.271309237367,7553.91796875,171.53625719538832
631,9507.4912109375,2644.3052291870117,90.45027196407318,0.482249365234375,2.2645293457031253,0.00021862947940826417,0.26443052291870117,0.009045027196407318,919.0545780942703,7548.43115234375,171.55000160235795
632,9499.6669921875,2654.333710670471,91.10093116760254,0.48161630859375004,2.2628271972656253,0.00021863651275634766,0.2654333710670471,0.009110093116760254,917.8191982279241,7542.75732421875,171.58693338080775
633,9491.6005859375,2662.5126600265503,91.71349927783012,0.48097470703125,2.2610630859375,0.00021864357590675355,0.26625126600265503,0.009171349927783012,916.5537783285545,7536.876953125,171.63397935187822
634,9483.2880859375,2674.7170090675354,92.38174185156822,0.4803619140625,2.259194970703125,0.00021864709258079528,0.26747170090675354,0.009238174185156822,915.326117330842,7530.64990234375,171.69912854172617
635,9474.7255859375,2684.4480633735657,93.0212065577507,0.479739404296875,2.25727060546875,0.00021864709258079528,0.26844480633735657,0.00930212065577507,914.0526442090923,7524.2353515625,171.77524933128188
636,9465.85546875,2697.7604627609253,93.70556101202965,0.4791546875,2.25523154296875,0.00021865767240524293,0.26977604627609253,0.009370556101202965,912.7968487797771,7517.4384765625,171.87539362179814
637,9456.4384765625,2704.169750213623,94.29915808141232,0.478546923828125,2.253150732421875,0.00021866118907928469,0.2704169750213623,0.009429915808141232,911.3380543977692,7510.50244140625,171.95197473161534
638,9446.9560546875,2728.922665119171,95.13132274150848,0.478004248046875,2.2509464355468753,0.0002186717689037323,0.2728922665119171,0.009513132274150848,910.0171845256482,7503.15478515625,172.08182928828137
639,9436.076171875,2698.5472440719604,95.3262485563755,0.47744189453125,2.2488322265625,0.0002186717689037323,0.26985472440719604,0.00953262485563755,907.9299312138028,7496.107421875,172.0377185585312
640,9430.54296875,2842.9654240608215,97.6927112787962,0.477038525390625,2.2473156738281252,0.00021869997680187226,0.28429654240608215,0.00976927112787962,907.2391355630971,7491.05224609375,172.4478950502471
641,9415.94921875,2658.722698688507,96.32594883441925,0.477215673828125,2.2442178222656253,0.00021868234872817992,0.2658722698688507,0.009632594883441925,905.0635567278223,7480.72607421875,172.26572552142534
642,9402.9267578125,2761.0209584236145,98.13020005822182,0.47623950195312503,2.241920947265625,0.00021869997680187226,0.27610209584236145,0.009813020005822182,901.986841227299,7473.06982421875,172.34367084255246
643,9394.95703125,2851.7919778823853,99.6205024421215,0.475742724609375,2.2404162597656248,0.00021871761977672576,0.2851791977882385,0.00996205024421215,900.118061389061,7468.05419921875,172.55863043807858
644,9379.30078125,2693.292796611786,98.59051555395126,0.47602846679687505,2.2374703125,0.0002187035083770752,0.2693292796611786,0.009859051555395126,897.1794628678399,7458.234375,172.26307848130818
645,9365.2822265625,2773.2297778129578,99.95230473577976,0.4755095703125,2.23496337890625,0.00021872465312480928,0.2773229777812958,0.009995230473577976,894.0625456941198,7449.8779296875,172.21879100041497
646,9354.58984375,2842.9388999938965,101.39149613678455,0.475078857421875,2.23311650390625,0.0002187352329492569,0.28429388999938965,0.010139149613678455,891.4489238095848,7443.7216796875,172.29954798701874
647,9339.3603515625,2723.739743232727,101.06581263244152,0.47522602539062503,2.2307513671875,0.0002187281996011734,0.2723739743232727,0.010106581263244152,887.6597718114936,7435.837890625,172.010157725299
648,9327.1044921875,2863.648235797882,102.35611349344254,0.474519580078125,2.2286279296875002,0.0002187528759241104,0.2863648235797882,0.010235611349344254,884.6503521341583,7428.759765625,172.12257080210475
649,9312.84765625,2794.7187423706055,101.82821191847324,0.47458686523437504,2.2257653320312505,0.0002187528759241104,0.27947187423706055,0.010182821191847324,882.146532364015,7419.2177734375,172.00773355321417
650,9392.6572265625,2750.1776814460754,101.76138021051884,0.47473237304687504,2.2233732421875003,0.00021875639259815217,0.27501776814460754,0.010176138021051884,878.7308444552182,7411.244140625,171.76945815387262
651,9384.0361328125,2934.1861605644226,103.3483725041151,0.47375498046875003,2.222548095703125,0.00021878108382225036,0.29341861605644226,0.01033483725041151,875.3573032257264,7408.49365234375,172.0111389334761
652,9366.85546875,2715.6293392181396,102.22924873232841,0.47351533203125,2.220361376953125,0.00021876697242259979,0.27156293392181396,0.010222924873232841,870.4474670521886,7401.20458984375,171.69745038058045
653,9355.103515625,2891.9434547424316,103.41917164623737,0.47183852539062504,2.219092529296875,0.00021879519522190094,0.28919434547424316,0.010341917164623737,866.210638886987,7396.97509765625,171.9270048749113
654,9341.4677734375,2814.164459705353,103.61305437982082,0.47080097656250003,2.21721533203125,0.0002187987118959427,0.2814164459705353,0.010361305437982082,862.2683796984202,7390.7177734375,171.96435617219686
655,9328.5546875,2770.5439925193787,104.04369793832302,0.469873583984375,2.21606162109375,0.00021880577504634858,0.27705439925193787,0.010404369793832302,857.4833246340422,7386.8720703125,171.94476026688335
656,9321.4248046875,2955.930531024933,104.95848953723907,0.46870668945312505,2.215635498046875,0.00021883046627044678,0.2955930531024933,0.010495848953723907,853.9576750745764,7385.45166015625,172.4239692049232
657,9305.798828125,2681.337296962738,103.42785157263279,0.46870249023437505,2.21361767578125,0.00021881987154483796,0.2681337296962738,0.010342785157263279,849.3674038891186,7378.7255859375,172.32245186174168
658,9295.2265625,2938.474416732788,104.46454398334026,0.467444140625,2.21192197265625,0.0002188551425933838,0.2938474416732788,0.010446454398334026,846.1106454152614,7373.0732421875,172.94427875625843
659,9281.65234375,2813.514471054077,104.1512843221426,0.46712094726562503,2.20899169921875,0.0002188551425933838,0.2813514471054077,0.01041512843221426,843.7249908909944,7363.3056640625,173.3234014770278
660,9271.2255859375,2794.3408489227295,103.72119955718517,0.46707246093750004,2.206849658203125,0.0002188622057437897,0.27943408489227295,0.010372119955718517,841.5392060349695,7356.16552734375,173.76844280432488
661,9266.669921875,2982.1473360061646,103.48856449127197,0.4670345703125,2.20547138671875,0.00021888689696788788,0.29821473360061646,0.010348856449127197,840.6035925844044,7351.5712890625,174.70581126006618
662,9253.908203125,2688.448429107666,101.7618365585804,0.46791484375000003,2.202891943359375,0.000218879833817482,0.2688448429107666,0.01017618365585804,838.0760271392064,7342.97314453125,175.0547847475009
663,9245.693359375,3008.677661418915,102.63456031680107,0.467341259765625,2.200578662109375,0.00021891511976718903,0.3008677661418915,0.010263456031680107,836.6396970668138,7335.26220703125,176.19158406489987
664,9233.23828125,2821.197211742401,101.72178037464619,0.467542138671875,2.1969156738281255,0.00021891511976718903,0.2821197211742401,0.010172178037464619,835.7672128558843,7323.05224609375,176.9527229685582
665,9225.21875,2829.6172618865967,100.96091777086258,0.467602880859375,2.19441943359375,0.00021892568469047548,0.28296172618865967,0.010096091777086258,835.0471106117475,7314.7314453125,177.83214176910042
666,9222.796875,3009.2480778694153,100.7305458188057,0.46758242187500004,2.19309228515625,0.00021894685924053192,0.30092480778694153,0.01007305458188057,834.7991802865872,7310.3076171875,179.12368088250332
667,9212.8935546875,2706.247568130493,99.33151304721832,0.46821665039062504,2.19113173828125,0.00021894332766532899,0.2706247568130493,0.009933151304721832,832.3417098714999,7303.7724609375,179.8255823004456
668,9207.3447265625,3085.920214653015,100.30110366642475,0.46749453125,2.189451123046875,0.00021897156536579133,0.3085920214653015,0.010030110366642475,830.8288211626932,7298.17041015625,181.3286639479993
669,9194.451171875,2788.9499068260193,98.80360215902328,0.46744799804687504,2.18589140625,0.00021896801888942718,0.27889499068260193,0.009880360215902328,829.4070714246482,7286.3046875,182.2348774344846
670,9187.125,2890.5361890792847,98.39206002652645,0.46695126953125005,2.183345361328125,0.0002189856767654419,0.28905361890792847,0.009839206002652645,828.8486372183106,7277.81787109375,183.3986063439079
671,9183.9599609375,3004.8662424087524,98.22736494243145,0.46675024414062505,2.1818945800781253,0.0002189997732639313,0.30048662424087524,0.009822736494243145,828.3576485104277,7272.98193359375,184.76468450185166
672,9176.0078125,2724.207043647766,96.93116880953312,0.46708461914062505,2.1805453125,0.0002189997732639313,0.2724207043647766,0.009693116880953312,825.6904061305686,7268.484375,185.62767781003276
673,9184.115234375,3134.922683238983,97.80341759324074,0.46656904296875,2.179399072265625,0.0002190280109643936,0.3134922683238983,0.009780341759324074,829.008430116548,7264.66357421875,188.59440037743116
674,9168.5185546875,2726.549804210663,95.96167132258415,0.466442138671875,2.176424853515625,0.00021902447938919068,0.2726549804210663,0.009596167132258415,825.3633532283493,7254.74951171875,189.2672018908488
675,9172.1279296875,2985.788583755493,96.52962908148766,0.46550791015625004,2.1735146484375,0.00021904212236404418,0.2985788583755493,0.009652962908148766,829.6259956566792,7245.048828125,192.0372126976581
676,9182.24609375,2965.956926345825,96.42725810408592,0.465053076171875,2.1714048339843752,0.00021905271708965303,0.2965956926345825,0.009642725810408592,835.6957445405133,7238.01611328125,195.06462625964923
677,9177.326171875,2766.919732093811,95.5605786293745,0.464892822265625,2.170343701171875,0.0002190597802400589,0.2766919732093811,0.00955605786293745,833.8223552895215,7234.47900390625,196.2247101097846
678,9216.4482421875,3151.7234444618225,96.38803079724312,0.46435751953125004,2.1698150390625,0.0002190844714641571,0.31517234444618225,0.009638803079724312,849.0275041946734,7232.716796875,202.66296441773193
679,9198.369140625,2665.305733680725,94.5792905986309,0.46377705078125003,2.1685081054687503,0.00021907740831375122,0.2665305733680725,0.00945792905986309,841.6168671193736,7228.3603515625,202.84470033451726
680,9232.6611328125,3097.0963835716248,96.32608853280544,0.46214248046875,2.166166845703125,0.00021909858286380768,0.3097096383571625,0.009632608853280544,857.1718120195728,7220.55615234375,209.57099058841322
681,9243.83203125,2865.3687238693237,96.14775888621807,0.46050747070312503,2.163973681640625,0.00021910564601421357,0.2865368723869324,0.009614775888621807,863.4660552119894,7213.24560546875,213.1012767095881
682,9258.978515625,2837.8841280937195,96.31127119064331,0.45893886718750004,2.163233056640625,0.00021911624073982239,0.28378841280937195,0.009631127119064331,869.2468433802132,7210.77685546875,216.6646370682538
683,9305.1455078125,3099.396526813507,97.18899615108967,0.45749218750000004,2.16350390625,0.00021913035213947296,0.3099396526813507,0.009718899615108967,885.6810101238079,7211.6796875,224.20900299244568
684,9291.638671875,2633.0292224884033,95.98324075341225,0.45575908203125004,2.1644436035156254,0.00021913035213947296,0.26330292224884033,0.009598324075341225,876.4798911744001,7214.81201171875,224.6325248266039
685,9346.376953125,3186.021149158478,98.77774864435196,0.45379516601562503,2.163845068359375,0.00021915505826473238,0.3186021149158478,0.009877774864435196,896.6736518081234,7212.81689453125,234.47033711917902
686,9337.8505859375,2690.1665329933167,98.058907315135,0.451080712890625,2.162842822265625,0.00021915505826473238,0.26901665329933167,0.0098058907315135,892.2175323235715,7209.47607421875,236.22622606561526
687,9371.708984375,2967.323064804077,99.78438727557659,0.44860449218750004,2.161158251953125,0.00021917270123958588,0.2967323064804077,0.00997843872755766,906.0143886580772,7203.86083984375,243.33542137204495
688,9407.6904296875,2951.4080286026,100.40279477834702,0.446333056640625,2.1609249023437505,0.00021917974948883057,0.29514080286026,0.010040279477834702,918.6237163300466,7203.0830078125,250.22132230825082
689,9413.390625,2685.6961846351624,100.32642632722855,0.44404560546875005,2.16215859375,0.0002191903442144394,0.26856961846351624,0.010032642632722855,916.8187681384443,7207.1953125,252.89489988911555
690,9482.6279296875,3181.5150380134583,103.06005366146564,0.442558984375,2.16277119140625,0.00021920445561408996,0.3181515038013458,0.010306005366146564,940.0500372344977,7209.2373046875,265.24929876164606
691,9457.6181640625,2522.723078727722,101.36277414858341,0.440037158203125,2.1648345703125003,0.00021921153366565705,0.2522723078727722,0.010136277414858341,923.7985412811322,7216.115234375,264.65588816600393
692,9521.5146484375,3169.5017218589783,105.18408380448818,0.43813364257812504,2.1625177734375,0.0002192221134901047,0.3169501721858978,0.010518408380448818,948.3382054554677,7208.392578125,278.03229894753895
693,9524.0029296875,2693.4492588043213,105.05410842597485,0.434837890625,2.1613555664062503,0.00021922917664051055,0.26934492588043213,0.010505410842597485,948.2771026148112,7204.5185546875,281.5152579298265
694,9561.2607421875,2856.4468026161194,107.20588266849518,0.43253920898437503,2.1602466796875,0.0002192397713661194,0.28564468026161194,0.010720588266849518,962.0058500093946,7200.822265625,289.48888293115306
695,9620.9755859375,3023.4265327453613,108.72186161577702,0.43079775390625,2.160678369140625,0.0002192503660917282,0.30234265327453613,0.010872186161577702,981.54388090063,7202.26123046875,300.83882828173046
696,9607.8271484375,2546.5553998947144,107.67568834125996,0.4284119140625,2.16373564453125,0.00021926447749137879,0.25465553998947144,0.010767568834125996,968.8543994947977,7212.4521484375,301.19883773200854
697,9700.9765625,3268.6853408813477,112.37023398280144,0.42759296875,2.163842431640625,0.00021926800906658174,0.32686853408813477,0.011237023398280144,999.6196917213965,7212.80810546875,319.5709446324963
698,9661.373046875,2449.1025507450104,110.14692485332489,0.424457177734375,2.1669123046875,0.0002192821353673935,0.24491025507450104,0.011014692485332489,975.6590726638096,7223.041015625,317.1844082603002
699,9728.6171875,3135.4373693466187,114.68828655779362,0.42255488281250003,2.1624326660156252,0.00021928919851779937,0.31354373693466187,0.011468828655779362,1003.0140517733525,7208.10888671875,333.3401936468181
700,9879.41015625,2784.923315048218,114.71373029053211,0.41928398437500003,2.161479931640625,0.00021929979324340822,0.2784923315048218,0.011471373029053211,1010.8180183516815,7204.93310546875,339.68469850631664
701,9903.7412109375,2700.270414352417,116.28965847194195,0.416397314453125,2.16377490234375,0.00021931038796901703,0.2700270414352417,0.011628965847194195,1014.436727138469,7212.5830078125,344.49943418085786
702,10000.2275390625,3203.9111852645874,120.2974934130907,0.41471293945312504,2.166807421875,0.00021931038796901703,0.32039111852645874,0.01202974934130907,1040.2002195202222,7222.69140625,362.3117371527296
703,9949.98828125,2410.539984703064,118.18030849099159,0.410612890625,2.175657421875,0.00021932803094387054,0.2410539984703064,0.01181803084909916,1005.8256304196548,7252.19140625,356.49233307693066
704,10042.6337890625,3301.4607429504395,125.19939802587032,0.4086336669921875,2.17345869140625,0.00021932803094387054,0.33014607429504395,0.012519939802587032,1035.3614016612846,7244.8623046875,377.36051705236605
705,10023.048828125,2599.833309650421,124.50486421585083,0.402999658203125,2.17557099609375,0.00021934568881988527,0.2599833309650421,0.012450486421585083,1022.3476313183637,7251.9033203125,376.99646664645115
706,10059.68359375,2846.422791481018,127.65004299581051,0.4000582763671875,2.175022119140625,0.00021935275197029115,0.2846422791481018,0.012765004299581051,1033.9924697413371,7250.07373046875,384.75391128132105
707,10134.146484375,3091.7397141456604,129.93395328521729,0.39837214355468753,2.1778611328125,0.00021935981512069704,0.30917397141456604,0.012993395328521729,1052.931960588452,7259.537109375,398.61901190981007
708,10097.310546875,2463.4505808353424,127.85122729837894,0.39477194824218753,2.1862015136718753,0.00021937747299671174,0.24634505808353424,0.012785122729837894,1025.8672440357332,7287.33837890625,393.10051753742846
709,10186.2890625,3255.809545516968,133.4973145276308,0.39439687500000004,2.1834070312500002,0.00021937040984630585,0.3255809545516968,0.01334973145276308,1055.082098459825,7278.0234375,413.45090872438413
710,10166.8076171875,2602.5885343551636,131.27212412655354,0.3899083984375,2.18544375,0.00021938806772232056,0.26025885343551636,0.013127212412655354,1043.570570904878,7284.8125,411.75942687543284
711,10200.419921875,2864.1629219055176,133.89088213443756,0.38855585937500003,2.183064697265625,0.00021939511597156525,0.28641629219055176,0.013389088213443756,1056.9134508599527,7276.88232421875,419.3717555573694
712,10265.615234375,3044.561445713043,136.12380251288414,0.38794282226562504,2.183759326171875,0.0002193986624479294,0.3044561445713043,0.013612380251288414,1075.672722874122,7279.19775390625,432.35289091740015
713,10238.552734375,2507.8362226486206,134.14712622761726,0.38543173828125,2.189892919921875,0.0002194163054227829,0.25078362226486206,0.013414712622761726,1056.381461535726,7299.64306640625,427.7035544205646
714,10318.396484375,3212.015926837921,139.04976658523083,0.38611179199218754,2.186787451171875,0.00021940925717353822,0.3212015926837921,0.013904976658523083,1082.7463297498252,7289.29150390625,446.8221847964378
715,10289.65234375,2565.552592277527,136.79686933755875,0.382094873046875,2.189828173828125,0.00021942690014839172,0.2565552592277527,0.013679686933755875,1066.7917573859595,7299.42724609375,443.2049992984321
716,10328.2685546875,2916.732132434845,140.66433534026146,0.3812113525390625,2.186546923828125,0.00021942690014839172,0.2916732132434845,0.014066433534026146,1081.8247852525164,7288.48974609375,453.1643341567542
717,10375.310546875,2943.136692047119,142.48227700591087,0.37990830078125004,2.1872882812500003,0.00021943044662475587,0.2943136692047119,0.014248227700591087,1094.2519111838483,7290.9609375,463.24531591823325
718,10363.34375,2570.488750934601,141.61148108541965,0.377597998046875,2.19228603515625,0.00021944457292556762,0.2570488750934601,0.014161148108541965,1082.8145449193253,7307.6201171875,460.2625436459348
719,10440.0654296875,3171.352446079254,146.8487549573183,0.3783398193359375,2.190648779296875,0.0002194410264492035,0.3171352446079254,0.01468487549573183,1105.775724760526,7302.16259765625,478.7464405189312
720,10407.2109375,2522.8336453437805,144.54955235123634,0.37453234863281254,2.1957005859375003,0.0002194586992263794,0.25228336453437805,0.014454955235123634,1085.428188205915,7319.001953125,474.06074086923036
721,10455.96484375,3012.903928756714,149.55145306885242,0.37419663085937505,2.19173583984375,0.0002194516211748123,0.3012903928756714,0.014955145306885242,1102.868755078569,7305.7861328125,487.8695104424296
722,10474.005859375,2785.4490280151367,149.96038749814034,0.3716556640625,2.19316025390625,0.00021946223080158235,0.27854490280151367,0.014996038749814034,1104.8531349973055,7310.5341796875,492.62160795905584
723,10484.947265625,2682.5252175331116,151.3280626386404,0.36995671386718754,2.195398974609375,0.00021946929395198823,0.26825252175331116,0.01513280626386404,1104.6329300514699,7317.99658203125,494.6089889744326
724,10549.2646484375,3058.5092306137085,155.92891722917557,0.3701715087890625,2.195349609375,0.00021946576237678528,0.30585092306137085,0.015592891722917557,1121.4693173442356,7317.83203125,510.3021550259582
725,10523.12890625,2508.6644291877747,154.00457195937634,0.36690207519531254,2.20178466796875,0.00021947988867759705,0.25086644291877747,0.015400457195937634,1102.1927098664746,7339.2822265625,505.60010873033025
726,10586.1376953125,3106.986880302429,160.33923253417015,0.3675364013671875,2.1984556640625,0.00021947635710239412,0.3106986880302429,0.016033923253417015,1121.6521290425808,7328.185546875,523.5083384346653
727,10571.287109375,2575.712203979492,158.89156609773636,0.363958544921875,2.202253857421875,0.00021949048340320587,0.2575712203979492,0.015889156609773636,1109.5951352597476,7340.84619140625,521.7234132219528
728,10608.8828125,2899.363338947296,163.58468681573868,0.3636047119140625,2.199731103515625,0.00021949048340320587,0.2899363338947296,0.016358468681573868,1121.7417458593409,7332.43701171875,532.7800319772141
729,10635.177734375,2806.795835494995,165.06921499967575,0.36188671875,2.2011033691406254,0.00021949401497840882,0.2806795835494995,0.016506921499967575,1125.776325899642,7337.01123046875,539.7244223018351
730,10644.6748046875,2652.9306173324585,166.1718636751175,0.360124462890625,2.203894775390625,0.0002195010930299759,0.26529306173324585,0.01661718636751175,1123.9075332995417,7346.31591796875,541.7060293942814
731,10701.6162109375,3013.9899253845215,171.36482521891594,0.36044423828125,2.203386767578125,0.00021949754655361175,0.30139899253845215,0.017136482521891594,1138.089587353461,7344.62255859375,557.1015998692819
732,10682.91015625,2502.9072165489197,169.72074285149574,0.357367431640625,2.209746533203125,0.0002195081412792206,0.25029072165489197,0.016972074285149574,1121.7574949363916,7365.82177734375,553.3302918516565
733,10746.255859375,3110.852837562561,177.3078367114067,0.35855334472656253,2.2066265625,0.00021950460970401764,0.3110852837562561,0.01773078367114067,1140.0012690449148,7355.421875,572.2716147851861
734,10719.45703125,2476.453334093094,174.9684475362301,0.3549335205078125,2.212517138671875,0.0002195187360048294,0.2476453334093094,0.01749684475362301,1121.165910690499,7375.05712890625,567.7181652812906
735,10769.6826171875,3025.8628726005554,182.421263307333,0.35566831054687503,2.208036767578125,0.00021951168775558472,0.30258628726005554,0.0182421263307333,1137.688503279991,7360.12255859375,584.0502351884061
736,10769.7998046875,2616.2952184677124,181.53566867113113,0.3526750732421875,2.211025048828125,0.00021952228248119354,0.26162952184677124,0.018153566867113113,1131.9911634915552,7370.08349609375,584.8167395336677
737,10800.724609375,2811.3633394241333,185.94296649098396,0.35222399902343754,2.2097595703125004,0.00021952228248119354,0.28113633394241333,0.018594296649098396,1140.927377284097,7365.865234375,593.6104398723473
738,10834.958984375,2824.145555496216,188.7226291000843,0.35121735839843754,2.210609326171875,0.00021952228248119354,0.2824145555496216,0.01887226291000843,1147.7173692414217,7368.69775390625,602.6790790072009
739,10845.28515625,2617.553770542145,189.37036395072937,0.3494060791015625,2.21387080078125,0.00021952934563159942,0.2617553770542145,0.018937036395072937,1145.6650198442658,7379.5693359375,604.4760898458117
740,10899.12109375,3007.2280764579773,195.57656720280647,0.35001748046875003,2.21285771484375,0.00021952228248119354,0.30072280764579773,0.019557656720280647,1158.8626647595374,7376.1923828125,620.1351200374993
741,10881.205078125,2453.5882472991943,193.01770254969597,0.3470918212890625,2.2198010742187497,0.0002195364087820053,0.24535882472991943,0.019301770254969597,1142.2417824226577,7399.3369140625,616.0735111669419
742,10949.3818359375,3161.9930267333984,202.45034247636795,0.34901967773437503,2.216471484375,0.0002195258140563965,0.31619930267333984,0.020245034247636795,1160.7639238965057,7388.23828125,637.5190425706096
743,10897.818359375,2338.2967710494995,196.95010036230087,0.34516430664062503,2.22565693359375,0.00021953994035720827,0.23382967710494995,0.019695010036230087,1128.2357723852328,7418.8564453125,628.6228719797364
744,10960.4892578125,3168.32035779953,207.99998193979263,0.34712080078125,2.218454736328125,0.00021952934563159942,0.316832035779953,0.020799998193979263,1149.832935265149,7394.84912109375,650.720139448822
745,10939.8173828125,2454.887628555298,203.42955365777016,0.343113232421875,2.222622509765625,0.0002195434719324112,0.24548876285552979,0.020342955365777016,1135.9974559812836,7408.74169921875,647.1698284864142
746,10979.388671875,2878.8134455680847,210.08258685469627,0.343376953125,2.21772421875,0.00021953994035720827,0.28788134455680847,0.021008258685469627,1151.714392285212,7392.4140625,659.6429650954233
747,11016.78515625,2794.2898869514465,211.41821518540382,0.3421894287109375,2.218381201171875,0.00021953994035720827,0.27942898869514465,0.021141821518540382,1160.6193148460588,7394.60400390625,668.527686451227
748,11030.474609375,2541.9819355010986,211.06194704771042,0.340745361328125,2.221989990234375,0.00021954700350761415,0.25419819355010986,0.021106194704771042,1160.7233547221404,7406.63330078125,669.287753784738
749,11096.2109375,3081.449866294861,219.22707557678223,0.3422137451171875,2.2204001953125,0.00021953994035720827,0.3081449866294861,0.021922707557678223,1177.5524943319397,7401.333984375,688.2816180035879
750,11241.509765625,2351.86830163002,213.66937085986137,0.3389135498046875,2.2290949218750002,0.00021955406665802,0.23518683016300201,0.021366937085986137,1152.04559186002,7430.31640625,680.946830535715
751,11311.1201171875,3167.640268802643,226.13074630498886,0.33995686035156253,2.225553076171875,0.0002195434719324112,0.3167640268802643,0.022613074630498886,1168.6806318742674,7418.51025390625,703.3919315171916
752,11268.35546875,2339.5423591136932,220.50756961107254,0.3344117919921875,2.235973828125,0.00021955406665802,0.23395423591136932,0.022050756961107254,1138.7854584059605,7453.24609375,696.0912369490834
753,11321.705078125,3005.2450299263,232.27818310260773,0.3337114990234375,2.23254580078125,0.00021955053508281708,0.30052450299263,0.023227818310260773,1151.720185532111,7441.8193359375,714.2476861437135
754,11337.1884765625,2568.686306476593,231.00752383470535,0.329162158203125,2.238554443359375,0.00021955406665802,0.2568686306476593,0.023100752383470535,1146.9690884230367,7461.84814453125,716.8557664911204
755,11373.455078125,2675.1595735549927,235.81555113196373,0.3271167236328125,2.2410626953125004,0.00021955406665802,0.26751595735549927,0.023581555113196373,1152.5361990890306,7470.208984375,724.7005898108473
756,11426.1865234375,2861.822545528412,241.1305159330368,0.32579326171875,2.243940234375,0.00021955406665802,0.2861822545528412,0.02411305159330368,1159.3038995803508,7479.80078125,738.6647859117948
757,11425.9560546875,2409.5509946346283,238.3427880704403,0.322359521484375,2.252977587890625,0.00021956466138362885,0.24095509946346283,0.02383427880704403,1147.2761584647233,7509.92529296875,736.1367881047227
758,11494.8974609375,3087.3775482177734,250.0186488032341,0.323694775390625,2.251319091796875,0.00021955406665802,0.30873775482177734,0.02500186488032341,1160.7207175208314,7504.39697265625,758.444538277894
759,11439.345703125,2244.0528869628906,241.6127547621727,0.3193863037109375,2.263348974609375,0.00021956820785999298,0.22440528869628906,0.02416127547621727,1125.3377365922279,7544.49658203125,747.9026534630357
760,11508.302734375,3152.7841091156006,256.3630975782871,0.32181411132812504,2.2557193359375,0.00021955761313438416,0.31527841091156006,0.025636309757828712,1145.2533323676907,7519.064453125,773.2972438981087
761,11468.921875,2295.675426721573,247.07915261387825,0.3174703125,2.262427734375,0.00021957173943519594,0.2295675426721573,0.024707915261387825,1122.8645277055912,7541.42578125,766.0737910598982
762,11521.9345703125,2904.413640499115,257.4893645942211,0.31881806640625,2.2539131835937503,0.00021956466138362885,0.2904413640499115,0.02574893645942211,1143.5123480756301,7513.0439453125,784.5165425661253
763,11555.546875,2607.2001457214355,255.30338287353516,0.3171053955078125,2.2544721679687503,0.00021956820785999298,0.26072001457214355,0.025530338287353516,1152.0210179650967,7514.9072265625,791.3093476371505
764,11588.9580078125,2545.9617376327515,256.45287707448006,0.3166120849609375,2.254955712890625,0.00021957173943519594,0.25459617376327515,0.025645287707448006,1162.142749476523,7516.51904296875,796.4896767906976
765,11656.158203125,2938.6556148529053,264.2665430903435,0.31775285644531254,2.2535390625000002,0.00021956820785999298,0.2938655614852905,0.026426654309034348,1177.8024570707785,7511.796875,815.3854090309469
766,11623.61328125,2277.366667985916,257.1282535791397,0.3149673095703125,2.26293251953125,0.00021957525610923767,0.2277366667985916,0.02571282535791397,1155.3064127715552,7543.1083984375,807.232833878079
767,11706.5361328125,3172.561228275299,273.3580581843853,0.317698193359375,2.258232568359375,0.00021956820785999298,0.3172561228275299,0.02733580581843853,1175.1463593344524,7527.44189453125,834.7248867219823
768,11616.1220703125,2138.850837945938,260.4629099369049,0.313378759765625,2.2704396972656253,0.00021957880258560182,0.2138850837945938,0.02604629099369049,1128.5024139554007,7568.13232421875,818.4096528026275
769,11689.05859375,3118.7885999679565,278.4866839647293,0.31544423828125,2.259989208984375,0.00021957173943519594,0.31187885999679565,0.02784866839647293,1152.2703266359458,7533.29736328125,846.3820475455577
770,11677.5263671875,2337.4859988689423,269.0456807613373,0.31114116210937504,2.263949267578125,0.00021957525610923767,0.23374859988689423,0.026904568076133728,1143.6505748681375,7546.49755859375,843.1842079157068
771,11733.5263671875,2700.405716896057,276.91176161170006,0.31118691406250004,2.259291650390625,0.00021957525610923767,0.2700405716896057,0.027691176161170006,1163.5704281912767,7530.97216796875,857.632324096383
772,11798.279296875,2756.4534544944763,279.9227274954319,0.3105935546875,2.25999755859375,0.00021957525610923767,0.27564534544944763,0.02799227274954319,1178.2955409080023,7533.3251953125,872.9171420830535
773,11799.3828125,2313.3598268032074,275.37383139133453,0.30854538574218754,2.2672063476562503,0.00021958233416080475,0.23133598268032074,0.027537383139133453,1171.3178805689095,7557.3544921875,868.9112058741666
774,11889.255859375,3099.7073650360107,290.62267392873764,0.31082404785156253,2.2647396972656253,0.00021957525610923767,0.3099707365036011,0.029062267392873764,1190.3600008330977,7549.13232421875,896.9745705094829
775,11789.94140625,2088.4624123573303,276.4703333377838,0.306841357421875,2.27860341796875,0.00021958586573600768,0.20884624123573303,0.02764703333377838,1139.9288578450214,7595.3447265625,877.5069887587088
776,11879.666015625,3171.0076332092285,297.2721494734287,0.3094763427734375,2.2688446289062503,0.00021957525610923767,0.31710076332092285,0.029727214947342873,1165.1698855115756,7562.8154296875,910.9619860673556
777,11821.068359375,2181.161046028137,283.0238826572895,0.30456860351562504,2.27546923828125,0.00021958586573600768,0.21811610460281372,0.02830238826572895,1137.058393845582,7584.8974609375,900.3658452159289
778,11892.96875,2797.003984451294,295.27250677347183,0.3052140380859375,2.2669523437500003,0.00021958233416080475,0.2797003984451294,0.029527250677347183,1163.0313438883895,7556.5078125,922.5714243488401
779,11955.677734375,2598.363161087036,293.74849051237106,0.3035863525390625,2.26789189453125,0.00021958586573600768,0.2598363161087036,0.029374849051237106,1178.9274161359426,7559.6396484375,935.3524783587927
780,11983.7841796875,2345.9456861019135,291.3988009095192,0.30210310058593753,2.272562548828125,0.00021958586573600768,0.23459456861019135,0.02913988009095192,1184.2785162139407,7575.20849609375,936.0579837281985
781,12080.986328125,3015.2541399002075,305.27226626873016,0.30385451660156254,2.2715740722656252,0.00021958233416080475,0.30152541399002075,0.030527226626873016,1203.6542648562026,7571.91357421875,964.9545674696565
782,11977.5185546875,2042.34778881073,290.7569147646427,0.3002633544921875,2.28648837890625,0.00021959292888641357,0.204234778881073,0.02907569147646427,1152.0504859643916,7621.6279296875,942.9740680973046
783,12090.26171875,3237.0740175247192,315.4796361923218,0.303634375,2.278231494140625,0.00021958233416080475,0.3237074017524719,0.03154796361923218,1179.5755838910118,7594.10498046875,982.7974548251441
784,11962.09375,2011.6235315799713,295.30517756938934,0.2983668212890625,2.28939345703125,0.00021959292888641357,0.20116235315799713,0.029530517756938934,1124.0177485073582,7631.3115234375,958.9317618606729
785,12054.05078125,2930.5917024612427,314.67869877815247,0.299745556640625,2.275708740234375,0.00021958586573600768,0.29305917024612427,0.03146786987781525,1156.8033867266786,7585.69580078125,992.2270403186558
786,12105.44140625,2425.8598685264587,307.41509050130844,0.29691220703125004,2.276267578125,0.00021959292888641357,0.24258598685264587,0.030741509050130844,1172.0827906473714,7587.55859375,1000.8228658545995
787,12154.7646484375,2357.058972120285,307.59911984205246,0.296181640625,2.277683935546875,0.00021959292888641357,0.2357058972120285,0.030759911984205246,1188.8189961435273,7592.27978515625,1005.5476521882811
788,12268.255859375,2957.950234413147,320.55918127298355,0.2980286376953125,2.27695224609375,0.00021958941221237184,0.2957950234413147,0.032055918127298355,1212.5906505183739,7589.8408203125,1037.4791277733748
789,12149.728515625,1981.5462827682495,304.243341088295,0.29492482910156254,2.2924640625,0.00021959999203681945,0.19815462827682495,0.0304243341088295,1157.730731876145,7641.546875,1010.5534848394745
790,12283.36328125,3260.2179050445557,331.67053014039993,0.2986070068359375,2.2841853515625004,0.00021958941221237184,0.32602179050445557,0.03316705301403999,1189.0948541905673,7613.951171875,1056.613106961624
791,12121.998046875,1934.693604707718,307.8601695597172,0.2933267578125,2.295945703125,0.0002196035385131836,0.1934693604707718,0.030786016955971718,1124.3224430378177,7653.15234375,1025.044122979045
792,12230.041015625,2905.448079109192,329.58582043647766,0.2946016357421875,2.2805104980468753,0.00021959292888641357,0.2905448079109192,0.032958582043647766,1161.7126242340528,7601.70166015625,1064.274071099353
793,12291.404296875,2393.188923597336,321.4513882994652,0.2916876220703125,2.280725537109375,0.00021959999203681945,0.23931889235973358,0.03214513882994652,1180.6661227914446,7602.41845703125,1074.5446866205748
794,12335.2470703125,2258.0619156360626,320.23731619119644,0.2907626220703125,2.2835260253906253,0.00021959999203681945,0.22580619156360626,0.032023731619119644,1195.5848418269888,7611.75341796875,1076.2382228872884
795,12473.8955078125,2995.3736066818237,336.46054565906525,0.29296506347656254,2.2833402832031253,0.00021959646046161653,0.2995373606681824,0.033646054565906525,1222.6655777080596,7611.13427734375,1116.0725257621161
796,12306.16015625,1880.0395727157593,315.7932683825493,0.2895128662109375,2.3021912109375,0.0002196035385131836,0.18800395727157593,0.03157932683825493,1151.57380787102,7673.970703125,1076.3685152130201
797,12459.248046875,3263.4708285331726,347.6659581065178,0.292968212890625,2.291601416015625,0.00021959646046161653,0.32634708285331726,0.03476659581065178,1187.0133523626864,7638.67138671875,1131.4055698292796
798,12290.310546875,1903.0147790908813,321.67479395866394,0.287239404296875,2.30081513671875,0.0002196035385131836,0.19030147790908813,0.032167479395866394,1124.1816927609616,7669.3837890625,1098.3403424913995
799,12410.07421875,2745.6775307655334,341.81222319602966,0.2880708740234375,2.285886328125,0.00021959999203681945,0.27456775307655334,0.034181222319602966,1166.1035084724717,7619.62109375,1137.8776245583576
800,14685.296875,2452.32030749321,337.37968653440475,0.28641396484375004,2.285290869140625,0.0003998657464981079,0.24523203074932098,0.033737968653440475,1194.3142118519463,7617.63623046875,2043.1835396450479
801,14559.498046875,2067.1556890010834,331.7162021994591,0.28429736328125,2.29494404296875,0.00039987051486968994,0.20671556890010834,0.03317162021994591,1182.7649177752028,7649.8134765625,1982.401618054777
802,14721.98046875,3155.938982963562,357.5572371482849,0.2867950439453125,2.297764453125,0.0003998657464981079,0.3155938982963562,0.03575572371482849,1212.292017895379,7659.21484375,2022.891133998055
803,14296.83984375,1712.9787802696228,328.0480206012726,0.28217138671875003,2.328479150390625,0.0003998800218105316,0.17129787802696228,0.03280480206012726,1105.9098982124124,7761.59716796875,1887.7560671625106
804,14497.736328125,3298.0823516845703,370.0794279575348,0.28379658203125,2.31131572265625,0.0003998657464981079,0.32980823516845703,0.03700794279575348,1142.9754688217945,7704.3857421875,1968.7698519009864
805,14270.359375,1904.9634039402008,342.8392484784126,0.2759134033203125,2.316916259765625,0.0003998800218105316,0.19049634039402008,0.03428392484784126,1090.8616550331571,7723.05419921875,1908.309080217121
806,14396.5185546875,2409.266233444214,356.980636715889,0.275686279296875,2.3059858886718754,0.00039987528324127196,0.2409266233444214,0.0356980636715889,1135.8989520126488,7686.61962890625,1937.7061973529635
807,14601.95703125,2717.84245967865,364.41631615161896,0.2768963623046875,2.3059646484375,0.00039987528324127196,0.271784245967865,0.036441631615161896,1174.7484321347656,7686.548828125,1992.9715778683894
808,14333.173828125,1779.0499329566956,343.4436395764351,0.275077392578125,2.325160986328125,0.0003998847901821137,0.17790499329566956,0.03434436395764351,1109.2102597005578,7750.53662109375,1906.159219619134
809,14645.8564453125,3279.3807983398438,380.9964656829834,0.2798057373046875,2.3153611816406254,0.00039987051486968994,0.3279380798339844,0.03809964656829834,1158.5829725411895,7717.87060546875,2014.8409183243057
810,14281.63671875,1750.3449320793152,347.12210297584534,0.2739014404296875,2.32839287109375,0.0003998847901821137,0.17503449320793152,0.034712210297584534,1072.3197208682395,7761.3095703125,1914.5072051266761
811,14501.57421875,2673.9314198493958,373.7708553671837,0.27458310546875003,2.306858349609375,0.0003998800218105316,0.2673931419849396,0.03737708553671837,1126.7258184922393,7689.52783203125,1993.6463666294585
812,14670.376953125,2411.7037653923035,368.5418516397476,0.27379008789062503,2.3034383789062503,0.0003998800218105316,0.24117037653923035,0.03685418516397476,1168.2450773480377,7678.1279296875,2034.7067033221247
813,14519.3828125,1863.8524413108826,355.65484315156937,0.273542724609375,2.313293115234375,0.0003998847901821137,0.18638524413108826,0.03556548431515694,1138.0144701350218,7710.97705078125,1980.7726838559902
814,14883.3779296875,3201.529085636139,387.958362698555,0.27872067871093753,2.3092501464843753,0.0003998800218105316,0.3201529085636139,0.0387958362698555,1190.586061019385,7697.50048828125,2100.9879884607217
815,14428.8076171875,1648.7275063991547,351.9774600863457,0.27403583984375,2.331552685546875,0.0003998895585536957,0.16487275063991547,0.03519774600863457,1084.9821574183588,7771.84228515625,1964.45023182781
816,14712.353515625,2875.5921125411987,390.0482505559921,0.2735854736328125,2.310198046875,0.0003998800218105316,0.2875592112541199,0.03900482505559921,1132.9344633489309,7700.66015625,2078.876653895335
817,14785.326171875,2136.605381965637,375.87378174066544,0.26906916503906253,2.309619140625,0.0003998895585536957,0.21366053819656372,0.037587378174066544,1155.8862518801252,7698.73046875,2090.313713055424
818,14755.5576171875,1950.21390914917,372.2785413265228,0.26820092773437504,2.314602685546875,0.0003998895585536957,0.195021390914917,0.03722785413265228,1158.6871861440159,7715.34228515625,2066.2842167061026
819,15129.59375,3032.3582887649536,398.27171713113785,0.27233010253906254,2.3147758300781254,0.0003998800218105316,0.30323582887649536,0.039827171713113785,1206.6220602023095,7715.91943359375,2189.324570290555
820,14678.234375,1591.2048518657684,362.8147020936012,0.269390869140625,2.341934326171875,0.0003998895585536957,0.15912048518657684,0.03628147020936012,1102.865146665863,7806.44775390625,2044.983849438766
821,15033.4638671875,3081.125319004059,407.87842124700546,0.27029626464843753,2.322247265625,0.0003998847901821137,0.3081125319004059,0.040787842124700546,1148.1694170132323,7740.82421875,2192.323843749531
822,14831.35546875,1823.6744403839111,381.60864263772964,0.263242431640625,2.325745751953125,0.0003998895585536957,0.1823674440383911,0.038160864263772964,1105.5764417170576,7752.48583984375,2137.114654764926
823,14987.62109375,2160.719633102417,393.3257982134819,0.26272451171875,2.3186387695312503,0.0003998895585536957,0.2160719633102417,0.03933257982134819,1151.0830233104352,7728.7958984375,2174.013057918739
824,15293.583984375,2613.748013973236,404.6320915222168,0.2642196044921875,2.3190685546875,0.0003998895585536957,0.2613748013973236,0.04046320915222168,1195.724386870279,7730.228515625,2268.8335500950343
825,14908.4169921875,1636.2687945365906,379.17621433734894,0.26275625,2.339495947265625,0.0003998943567276001,0.16362687945365906,0.037917621433734894,1113.6223585009575,7798.31982421875,2143.3933330502477
826,15383.232421875,3226.4339923858643,422.89718985557556,0.2676370849609375,2.32978857421875,0.0003998895585536957,0.3226433992385864,0.042289718985557556,1171.9674190869773,7765.9619140625,2317.227215988678
827,14875.03515625,1574.4051337242126,380.98353892564774,0.262328662109375,2.3470015136718754,0.00039989912509918215,0.15744051337242126,0.038098353892564774,1065.181536432152,7823.33837890625,2165.086081722344
828,15194.8359375,2615.076005458832,416.3992777466774,0.262313623046875,2.321540625,0.0003998895585536957,0.2615076005458832,0.04163992777466774,1122.8085553455167,7738.46875,2292.7361283715727
829,15333.63671875,2115.8890426158905,405.37290275096893,0.2599566162109375,2.31817587890625,0.0003998943567276001,0.21158890426158905,0.04053729027509689,1161.672312252842,7727.2529296875,2322.6471500188927
830,15164.970703125,1763.182133436203,395.4821825027466,0.259635986328125,2.32591728515625,0.00039989912509918215,0.1763182133436203,0.03954821825027466,1136.6298370267032,7753.0576171875,2258.637288036989
831,15677.7734375,3085.3715538978577,428.4083843231201,0.2651471435546875,2.3245759277343754,0.0003998943567276001,0.30853715538978577,0.04284083843231201,1200.1282811032215,7748.58642578125,2431.9719797467114
832,15194.056640625,1505.238115787506,384.3766450881958,0.2631919921875,2.3544911132812505,0.0003999038934707642,0.1505238115787506,0.03843766450881958,1097.8335225980845,7848.3037109375,2267.151438013243
833,15601.3173828125,3016.7359113693237,435.56395918130875,0.2631943603515625,2.328081591796875,0.0003998943567276001,0.3016735911369324,0.043556395918130875,1147.603546851482,7760.27197265625,2444.1242381379707
834,15341.51171875,1721.8317091464996,406.29614144563675,0.2566994384765625,2.32710673828125,0.0003999038934707642,0.17218317091464996,0.040629614144563675,1105.0760135059973,7757.0224609375,2369.2526818772894
835,15471.4326171875,2000.03981590271,415.3194651007652,0.2563353271484375,2.32031953125,0.0003999038934707642,0.200003981590271,0.04153194651007652,1154.9206241298452,7734.3984375,2389.2621309376555
836,15864.43359375,2591.025233268738,429.4745996594429,0.25854167480468754,2.3211779296875004,0.00039989912509918215,0.2591025233268738,0.04294745996594429,1208.7636220456916,7737.259765625,2514.0863273579744
837,15348.875,1500.0583231449127,399.6751457452774,0.257452880859375,2.3467744628906253,0.0003999086320400238,0.15000583231449127,0.03996751457452774,1110.1976607117103,7822.58154296875,2337.494268117516
838,15938.921875,3246.557116508484,449.896939098835,0.26148447265625,2.33761171875,0.0003998943567276001,0.3246557116508484,0.0449896939098835,1171.6636079573364,7792.0390625,2560.1471030800603
839,15378.630859375,1488.04172873497,403.8477689027786,0.2558923095703125,2.3554658203125003,0.0003999086320400238,0.148804172873497,0.04038477689027786,1060.8989720580794,7851.552734375,2387.1528443939314
840,15711.5439453125,2454.3671309947968,439.62322175502777,0.254487841796875,2.3267755371093752,0.0003999038934707642,0.24543671309947968,0.04396232217550278,1119.8221894392627,7755.91845703125,2524.451907206094
841,15897.2529296875,2102.636694908142,430.89229613542557,0.2528376708984375,2.3226158203125,0.0003999038934707642,0.2102636694908142,0.04308922961354256,1167.623224869727,7742.052734375,2568.114460918703
842,15515.8681640625,1566.5878355503082,414.2133519053459,0.2534666748046875,2.33484404296875,0.0003999086320400238,0.15665878355503082,0.04142133519053459,1107.7700964639007,7782.8134765625,2434.6330121258943
843,16200.6572265625,3190.7275319099426,453.827865421772,0.26031416015625003,2.3321378906250003,0.0003999038934707642,0.31907275319099426,0.0453827865421772,1187.2190724483517,7773.79296875,2672.85960064095
844,15657.59765625,1463.4789526462555,404.43334728479385,0.25833564453125,2.361215771484375,0.00039991340041160584,0.14634789526462555,0.040443334728479385,1083.5897461868008,7870.71923828125,2483.482134118007
845,16031.12890625,2655.4805040359497,452.7343809604645,0.25519780273437503,2.326541015625,0.0003999038934707642,0.26554805040359497,0.04527343809604645,1132.9929251768917,7755.13671875,2658.023712936789
846,16066.07421875,1893.429458141327,435.94732880592346,0.2508460693359375,2.321468701171875,0.0003999086320400238,0.1893429458141327,0.043594732880592346,1161.2431885537444,7738.22900390625,2653.6054439747822
847,15706.208984375,1582.1632742881775,424.34848845005035,0.250837841796875,2.3315314453125002,0.00039991340041160584,0.15821632742881775,0.042434848845005035,1109.7371335250646,7771.771484375,2524.9190595611435
848,16429.259765625,3120.0024485588074,459.21526849269867,0.2577043212890625,2.3315087402343755,0.0003999038934707642,0.31200024485588074,0.04592152684926987,1193.0857562609017,7771.69580078125,2772.6861958453082
849,15860.5537109375,1420.7777380943298,411.5308076143265,0.256836865234375,2.36273408203125,0.00039991340041160584,0.14207777380943298,0.04115308076143265,1090.5478665026894,7875.7802734375,2567.1854928777902
850,16680.888671875,2665.6347513198853,459.47153121232986,0.2526134765625,2.3294734863281255,0.0003999038934707642,0.2665634751319885,0.045947153121232986,1135.3937457186403,7764.91162109375,2754.304675866908
851,16585.982421875,1744.4366216659546,442.412905395031,0.24649692382812502,2.3287926269531254,0.00039991340041160584,0.17444366216659546,0.0442412905395031,1140.4010509990476,7762.64208984375,2708.974710885639
852,16329.244140625,1612.4911606311798,439.8782178759575,0.24424228515625002,2.338668310546875,0.00039991340041160584,0.16124911606311798,0.04398782178759575,1109.7726047228207,7795.56103515625,2613.2397778258746
853,17040.3203125,2867.112457752228,469.55034136772156,0.24802060546875002,2.345579443359375,0.0003999038934707642,0.2867112457752228,0.046955034136772156,1177.1912087587116,7818.59814453125,2845.882081674994
854,16491.333984375,1417.030543088913,428.89975011348724,0.2479797607421875,2.3873611816406255,0.00039991340041160584,0.1417030543088913,0.042889975011348724,1080.5956972575004,7957.87060546875,2642.3410932442057
855,17089.765625,2983.8725924491882,481.86343163251877,0.2454452392578125,2.3608119140625,0.0003999038934707642,0.2983872592449188,0.04818634316325188,1123.326381519044,7869.373046875,2899.1536542341346
856,16380.4609375,1477.2440493106842,448.3865946531296,0.23665886230468752,2.3662395996093752,0.00039991340041160584,0.14772440493106842,0.04483865946531296,1011.6950767919334,7887.46533203125,2693.5780449697922
857,16547.296875,1844.649314880371,463.2063955068588,0.235765625,2.3531548828125,0.00039991340041160584,0.1844649314880371,0.04632063955068588,1069.5130208460614,7843.849609375,2727.541198202307
858,17039.77734375,2326.599359512329,472.93487936258316,0.2380729248046875,2.35269931640625,0.00039991340041160584,0.2326599359512329,0.047293487936258316,1134.9660926256402,7842.3310546875,2877.569061853108
859,16434.0703125,1404.8947393894196,445.7182064652443,0.2394575927734375,2.3780586914062503,0.00039991340041160584,0.14048947393894196,0.04457182064652443,1049.5405206360301,7926.8623046875,2661.9407552686753
860,17320.01953125,3154.34992313385,491.82891845703125,0.24459716796875,2.3636056640625003,0.0003999086320400238,0.315434992313385,0.049182891845703125,1132.052032239153,7878.685546875,2986.8058794757235
861,16616.453125,1432.386189699173,444.85315680503845,0.24057033691406252,2.381808544921875,0.00039991340041160584,0.1432386189699173,0.044485315680503845,1024.0836407891984,7939.36181640625,2761.514114945574
862,16979.34765625,2238.713800907135,481.3660681247711,0.2383575439453125,2.3472215332031254,0.00039991340041160584,0.2238713800907135,0.04813660681247711,1083.2385457933924,7824.07177734375,2910.9057882357592
863,17161.25390625,1921.9039380550385,473.7832397222519,0.23720432128906252,2.34151875,0.00039991340041160584,0.19219039380550385,0.04737832397222519,1132.2798327415076,7805.0625,2949.5554266293475
864,16522.435546875,1431.7390322685242,455.484502017498,0.23819443359375,2.358567041015625,0.00039991340041160584,0.14317390322685242,0.0455484502017498,1050.0809167133993,7861.89013671875,2728.29728447496
865,17526.0390625,3140.024244785309,494.05932426452637,0.24497446289062502,2.3551306640625,0.00039991340041160584,0.3140024244785309,0.04940593242645264,1146.4190736840974,7850.435546875,3074.6507986828074
866,16989.419921875,1421.3669300079346,447.9018598794937,0.2439030029296875,2.385178857421875,0.00039991816878318787,0.14213669300079346,0.04479018598794937,1058.201430644789,7950.59619140625,2885.2205639487365
867,17380.8984375,2428.661286830902,491.168349981308,0.23819094238281252,2.3487140625,0.00039991340041160584,0.2428661286830902,0.0491168349981308,1099.5214893088123,7829.046875,3067.6275148582936
868,17355.62890625,1749.9621212482452,479.46110367774963,0.2340891845703125,2.34432919921875,0.00039991340041160584,0.17499621212482452,0.04794611036777496,1123.731241798363,7814.4306640625,3038.838631784034
869,16689.203125,1413.7353003025055,465.99939465522766,0.234082177734375,2.358859130859375,0.00039991816878318787,0.14137353003025055,0.046599939465522766,1040.3863102277537,7862.86376953125,2810.3286617599806
870,17689.599609375,3012.562394142151,499.59462136030197,0.24064606933593752,2.3589717773437497,0.00039991340041160584,0.3012562394142151,0.0499594621360302,1136.3020671894556,7863.2392578125,3150.5552603239194
871,17168.51953125,1397.0620930194855,461.37139201164246,0.24109150390625,2.3889348632812504,0.00039991816878318787,0.13970620930194855,0.046137139201164246,1056.2692528215703,7963.1162109375,2959.8312736750668
872,17625.1640625,2439.1190707683563,499.57990646362305,0.23550983886718752,2.3521863281249997,0.00039991340041160584,0.24391190707683563,0.049957990646362305,1100.6805839720982,7840.62109375,3167.9887898528978
873,17495.673828125,1676.8601536750793,486.18413507938385,0.2305182373046875,2.349144580078125,0.00039991340041160584,0.16768601536750793,0.048618413507938385,1114.9207568364654,7830.48193359375,3101.7539139905857
874,16868.072265625,1401.522159576416,477.3453250527382,0.23044731445312502,2.359972705078125,0.00039991816878318787,0.1401522159576416,0.04773453250527382,1041.109843849379,7866.57568359375,2886.0256726449734
875,17835.322265625,2820.7841515541077,506.87476992607117,0.23635061035156252,2.360860107421875,0.00039991340041160584,0.28207841515541077,0.05068747699260712,1131.8479607158151,7869.53369140625,3215.8598688817583
876,17350.75,1423.1353998184204,472.34930098056793,0.23746635742187502,2.391470068359375,0.00039991816878318787,0.14231353998184204,0.04723493009805679,1058.5944637084904,7971.56689453125,3033.322485910365
877,17919.279296875,2514.835298061371,510.752834379673,0.23343947753906252,2.356729248046875,0.00039991340041160584,0.2514835298061371,0.0510752834379673,1109.474560418108,7855.76416015625,3280.900472108857
878,17533.0625,1521.8178927898407,489.38099294900894,0.2273812744140625,2.3547079101562503,0.00039991816878318787,0.15218178927898407,0.048938099294900894,1081.5767374421848,7849.0263671875,3143.3355219286314
879,17226.724609375,1502.757966518402,491.1722242832184,0.226421044921875,2.35737685546875,0.00039991816878318787,0.1502757966518402,0.04911722242832184,1069.559594866092,7857.9228515625,3017.8184317859123
880,17980.89453125,2407.044917345047,511.1396312713623,0.2300751220703125,2.359986328125,0.00039991340041160584,0.2407044917345047,0.05111396312713623,1142.5918702535928,7866.62109375,3269.940345478826
881,17430.95703125,1389.2990350723267,486.10541969537735,0.23126728515625,2.3923395996093753,0.00039991816878318787,0.13892990350723267,0.048610541969537735,1063.850207923766,7974.46533203125,3061.798299817092
882,18288.28515625,2849.059998989105,523.2434719800949,0.2313637939453125,2.3730533203125,0.00039991340041160584,0.2849059998989105,0.05232434719800949,1124.9531786690204,7910.177734375,3402.6432498402137
883,17418.630859375,1325.1739740371704,487.54096031188965,0.22606484375000002,2.3830967285156253,0.00039991816878318787,0.13251739740371704,0.048754096031188965,1008.7318823400419,7943.65576171875,3124.9865421200957
884,17755.46875,1965.8073782920837,510.6699839234352,0.2241850830078125,2.3611183593750003,0.00039991816878318787,0.19658073782920837,0.05106699839234352,1069.4360680191312,7870.39453125,3243.1410762883024
885,17859.044921875,1724.3173718452454,507.38900899887085,0.223197607421875,2.357766650390625,0.00039991816878318787,0.17243173718452454,0.050738900899887085,1114.8133279838949,7859.22216796875,3247.8528074868227
886,17152.912109375,1351.449340581894,501.1861026287079,0.22340244140625,2.368802197265625,0.00039991816878318787,0.1351449340581894,0.05011861026287079,1034.007557297271,7896.00732421875,3004.5641126334085
887,18228.876953125,2704.08034324646,524.3293195962906,0.228435302734375,2.3690326171875,0.00039991340041160584,0.270408034324646,0.05243293195962906,1124.7429730136355,7896.775390625,3382.7955946426373
888,17840.169921875,1427.0727336406708,489.26249146461487,0.2305551025390625,2.400602783203125,0.00039991816878318787,0.14270727336406708,0.04892624914646149,1064.5078647272749,8002.00927734375,3227.6569399632717
889,18552.689453125,2626.580595970154,529.8367887735367,0.22832756347656252,2.369809423828125,0.00039991340041160584,0.2626580595970154,0.05298367887735367,1113.5197427065577,7899.36474609375,3534.174923451763
890,17653.28125,1346.772462129593,504.52541559934616,0.2225969482421875,2.3709509765625003,0.00039991816878318787,0.1346772462129593,0.050452541559934616,1002.8595131718612,7903.169921875,3250.8967158925807
891,17852.640625,1739.5108938217163,515.6547576189041,0.2218357666015625,2.355451904296875,0.00039991816878318787,0.17395108938217163,0.05156547576189041,1070.3865019112927,7851.50634765625,3292.8496549237752
892,18226.15234375,1849.2335081100464,516.8579146265984,0.22236215820312502,2.3540906250000004,0.00039991816878318787,0.18492335081100464,0.051685791462659836,1139.3037147073192,7846.96875,3388.8628212190233
893,17428.6171875,1312.3790919780731,507.9454183578491,0.22240827636718752,2.371722802734375,0.00039991816878318787,0.1312379091978073,0.05079454183578491,1044.5504131255948,7905.74267578125,3110.06615762772
894,18633.029296875,2831.147015094757,537.620410323143,0.227647705078125,2.3733313476562503,0.00039991816878318787,0.2831147015094757,0.0537620410323143,1132.7401517002727,7911.1044921875,3544.862931741576
895,18474.640625,1572.1242129802704,499.68812614679337,0.2310223876953125,2.412454248046875,0.0003999277353286743,0.15721242129802704,0.04996881261467934,1092.6656436277117,8041.51416015625,3459.0659820396686
896,18921.748046875,2425.9237945079803,539.2398685216904,0.2235481201171875,2.3734735839843752,0.00039991816878318787,0.24259237945079803,0.05392398685216904,1107.2875254015962,7911.57861328125,3696.116357280349
897,18124.18359375,1368.173360824585,519.2195251584053,0.2167069580078125,2.3694416015625,0.00039991816878318787,0.1368173360824585,0.05192195251584053,1020.4262402117383,7898.138671875,3440.9748143180623
898,17946.01171875,1466.2279188632965,522.8610709309578,0.21621606445312502,2.36560166015625,0.00039991816878318787,0.14662279188632965,0.05228610709309578,1052.4043866983266,7885.3388671875,3336.834014223452
899,18756.625,2270.2202200889587,538.6058986186981,0.21975358886718752,2.3686845703125003,0.00039991816878318787,0.22702202200889587,0.05386058986186981,1135.272871889887,7895.615234375,3603.0685998284316
900,18836.373046875,1377.967745065689,517.0725658535957,0.22342275390625002,2.4021105468750004,0.0003999277353286743,0.1377967745065689,0.05170725658535957,1079.0948363331263,8007.03515625,3420.529195418232
901,20108.85546875,3232.465386390686,554.993562400341,0.22705747070312501,2.39756982421875,0.00039991816878318787,0.3232465386390686,0.0554993562400341,1145.7093697213568,7991.8994140625,3888.7574078373145
902,20049.185546875,1852.0861864089966,511.1371725797653,0.22850581054687502,2.445475048828125,0.0003999277353286743,0.18520861864089966,0.05111371725797653,1108.588402229041,8151.58349609375,3834.8742474946193
903,19746.92578125,1846.2800979614258,552.0640686154366,0.21103039550781252,2.3881508789062504,0.00039991816878318787,0.18462800979614258,0.055206406861543655,1057.4711814119655,7960.5029296875,3839.791255411663
904,20312.419921875,2346.5418815612793,556.1021715402603,0.2124065185546875,2.399355615234375,0.00039991816878318787,0.23465418815612793,0.05561021715402603,1103.3551747823367,7997.85205078125,4013.311609068769
905,20478.3203125,1898.9406526088715,520.4833671450615,0.2279041259765625,2.4829880859375,0.0003999277353286743,0.18989406526088715,0.05204833671450615,1129.2213353065526,8276.626953125,3940.5922542259796
906,20512.94140625,2337.193489074707,569.1386759281158,0.2082250732421875,2.4131956054687502,0.00039991816878318787,0.2337193489074707,0.056913867592811584,1074.3972616402898,8043.9853515625,4106.421072644385
907,20252.65234375,1711.130142211914,560.5484545230865,0.20118843994140626,2.41369365234375,0.00039991816878318787,0.1711130142211914,0.056054845452308655,1057.4722550535807,8045.6455078125,4014.5636966167367
908,19852.564453125,1473.9298820495605,540.0684848427773,0.205963232421875,2.456408349609375,0.0003999277353286743,0.14739298820495605,0.054006848484277725,1023.5951139909157,8188.02783203125,3823.059585461975
909,20628.34765625,2746.504247188568,579.2097002267838,0.20772966308593752,2.4371724609375,0.00039991816878318787,0.2746504247188568,0.057920970022678375,1069.632039523698,8123.908203125,4125.887792491063
910,19737.4765625,1381.8462193012238,549.6033653616905,0.2023835205078125,2.44445712890625,0.0003999277353286743,0.13818462193012238,0.05496033653616905,973.3183617092072,8148.1904296875,3842.0764617203968
911,19559.25390625,1640.6229138374329,570.661649107933,0.1994186767578125,2.41343349609375,0.00039991816878318787,0.1640622913837433,0.057066164910793304,1004.559869050514,8044.7783203125,3779.721515625977
912,20174.6875,2187.9394352436066,569.353885948658,0.20470695800781252,2.4113006835937503,0.00039991816878318787,0.21879394352436066,0.0569353885948658,1075.7340872360946,8037.6689453125,3967.1710503454087
913,19827.072265625,1492.9498732089996,538.8857424259186,0.21148046875,2.446641650390625,0.0003999277353286743,0.14929498732089996,0.05388857424259186,1049.4414551591035,8155.47216796875,3800.146147665102
914,20150.75390625,2207.672595977783,578.6760896444321,0.20642468261718752,2.4088400390625,0.00039991816878318787,0.22076725959777832,0.05786760896444321,1060.905609819456,8029.466796875,3975.4603698106657
915,19500.76953125,1445.7838237285614,571.3191255927086,0.20134727783203127,2.40232529296875,0.0003999229669570923,0.14457838237285614,0.05713191255927086,1022.365714871492,8007.7509765625,3753.0185009429697
916,18589.435546875,1333.9325785636902,561.1789971590042,0.20174910888671876,2.4091111816406254,0.0003999229669570923,0.13339325785636902,0.05611789971590042,945.1233023499008,8030.37060546875,3442.197121264646
917,19682.501953125,2393.4416472911835,575.7305771112442,0.20746279296875,2.4039275390625,0.00039991816878318787,0.23934416472911835,0.05757305771112442,1041.7068961383193,8013.091796875,3806.8772871396504
918,18912.982421875,1311.323493719101,560.5439841747284,0.20890419921875,2.412895166015625,0.0003999277353286743,0.1311323493719101,0.05605439841747284,973.2742129335529,8042.98388671875,3543.2472553364933
919,19259.861328125,1844.7156250476837,579.9097567796707,0.2068225830078125,2.385165966796875,0.00039991816878318787,0.18447156250476837,0.05799097567796707,1024.1677578320669,7950.55322265625,3674.8410231371527
920,19236.515625,1583.59095454216,569.6718767285347,0.206010546875,2.3797998046875,0.0003999229669570923,0.158359095454216,0.05696718767285347,1056.145021156408,7932.666015625,3640.622572488268
921,18333.806640625,1270.9641456604004,560.97112596035,0.207251513671875,2.392469091796875,0.0003999277353286743,0.12709641456604004,0.056097112596035004,972.1377872941084,7974.89697265625,3332.019797938876
922,19459.455078125,2273.3087837696075,579.315535724163,0.2097399658203125,2.388211962890625,0.00039991816878318787,0.22733087837696075,0.057931553572416306,1052.4487717718002,7960.70654296875,3725.233836764528
923,18667.25390625,1309.4428181648254,574.5355039834976,0.2088075439453125,2.39735419921875,0.0003999277353286743,0.13094428181648254,0.05745355039834976,971.9098117626054,7991.1806640625,3464.030709941522
924,19204.91796875,1830.2634358406067,590.91966599226,0.207039306640625,2.378258642578125,0.0003999229669570923,0.18302634358406067,0.059091966599226,1034.5414375309338,7927.52880859375,3651.204909121734
925,19057.400390625,1442.0916140079498,573.7969279289246,0.2050441650390625,2.375539306640625,0.0003999229669570923,0.14420916140079498,0.057379692792892456,1059.8167092120275,7918.46435546875,3568.439601350692
926,18365.115234375,1294.3947315216064,571.0934847593307,0.20419335937500002,2.382903662109375,0.0003999277353286743,0.12943947315216064,0.057109348475933075,995.515311404597,7943.01220703125,3334.897402971983
927,19342.50390625,2008.160650730133,585.5727568268776,0.2059544677734375,2.3862613769531253,0.0003999229669570923,0.2008160650730133,0.05855727568268776,1062.816207245778,7954.20458984375,3668.9983567531453
928,18843.69921875,1340.6912982463837,583.5316702723503,0.206371044921875,2.408724169921875,0.0003999277353286743,0.13406912982463837,0.05835316702723503,1000.7812034167728,8029.08056640625,3492.7235721792094
929,19935.3984375,2304.01411652565,597.2791090607643,0.205262646484375,2.400969140625,0.0003999229669570923,0.230401411652565,0.05972791090607643,1053.9359166681825,8003.23046875,3903.8351538091665
930,19197.33984375,1277.9338657855988,576.7333880066872,0.2028653564453125,2.4141263671875,0.0003999277353286743,0.12779338657855988,0.057673338800668716,972.7131364222441,8047.087890625,3660.2608772643143
931,19894.0859375,1968.1566953659058,591.3624167442322,0.200835400390625,2.3986365234375002,0.0003999229669570923,0.19681566953659058,0.05913624167442322,1027.96426444198,7995.455078125,3915.9066567248665
932,18852.134765625,1262.4819576740265,587.754137814045,0.198059033203125,2.399880029296875,0.0003999277353286743,0.12624819576740265,0.058775413781404495,931.5594423113071,7999.60009765625,3577.7078253821237
933,19095.13671875,1537.6639366149902,598.9732965826988,0.19847923583984375,2.39103515625,0.0003999229669570923,0.15376639366149902,0.05989732965826988,995.5367647849562,7970.1171875,3626.92560141976
934,19050.19921875,1414.7952198982239,590.5530974268913,0.19803723144531252,2.3894588378906247,0.0003999277353286743,0.1414795219898224,0.05905530974268913,1034.0327142959723,7964.86279296875,3571.9526153159095
935,18721.064453125,1334.0280950069427,587.1868133544922,0.19726519775390625,2.392530908203125,0.0003999277353286743,0.13340280950069427,0.05871868133544922,1023.8941957921634,7975.10302734375,3441.0825128004653
936,19365.10546875,1702.4573683738708,599.0220978856087,0.19753463134765625,2.39474296875,0.0003999229669570923,0.17024573683738708,0.05990220978856087,1074.5453601577901,7982.4765625,3654.941298794467
937,18648.291015625,1277.0305573940277,600.6321683526039,0.19725483398437502,2.4132442382812505,0.0003999277353286743,0.12770305573940277,0.06006321683526039,993.7357079560461,8044.1474609375,3412.317397993407
938,20418.48828125,2633.9885592460632,614.5475432276726,0.20218826904296877,2.42129765625,0.0003999229669570923,0.2633988559246063,0.06145475432276726,1069.5860345640758,8070.9921875,4060.7287611342035
939,20850.8984375,2110.0813150405884,586.0963091254234,0.21486967773437501,2.4828158203125,0.00039993247389793395,0.21100813150405884,0.05860963091254234,1099.8629539002432,8276.052734375,4124.9761797678075
940,21442.162109375,2465.2670323848724,617.8781762719154,0.19960791015625,2.4277524902343752,0.0003999229669570923,0.24652670323848724,0.061787817627191544,1059.2294084077002,8092.50830078125,4487.5188185853185
941,20391.1796875,1308.4663450717926,603.5590171813965,0.19143009033203126,2.42756953125,0.0003999277353286743,0.13084663450717926,0.06035590171813965,949.8706223319059,8091.8984375,4160.543135350454
942,20311.046875,1511.8226408958435,610.3111431002617,0.18889403076171876,2.416458251953125,0.0003999277353286743,0.15118226408958435,0.06103111431002617,983.9153628392305,8054.86083984375,4108.5708858158905
943,20401.630859375,1539.0942990779877,611.0340356826782,0.18861447753906252,2.416800732421875,0.0003999277353286743,0.15390942990779877,0.06110340356826782,1033.5808761399094,8056.00244140625,4096.067676324863
944,19336.2109375,1244.0837174654007,613.3940443396568,0.18970690917968752,2.42741279296875,0.0003999277353286743,0.12440837174654007,0.06133940443396568,946.2601163240106,8091.3759765625,3726.0150114905555
945,20831.52734375,2451.900988817215,628.5311281681061,0.19672052001953125,2.427067822265625,0.0003999229669570923,0.2451900988817215,0.06285311281681061,1035.6012484860548,8090.22607421875,4258.364911267767
946,21112.7109375,2014.8654282093048,594.2800268530846,0.20852387695312502,2.4697505859374997,0.00039993247389793395,0.20148654282093048,0.059428002685308456,1066.6284678644151,8232.501953125,4285.103049595258
947,21547.14453125,2237.923741340637,628.9099156856537,0.19819414062500001,2.4193541015625,0.0003999229669570923,0.22379237413406372,0.06289099156856537,1046.6663553141989,8064.513671875,4555.358876253595
948,20291.04296875,1258.9223682880402,610.5802953243256,0.1918374755859375,2.41132470703125,0.0003999277353286743,0.12589223682880402,0.061058029532432556,931.3247068965866,8037.7490234375,4159.985423625796
949,20028.982421875,1385.4266703128815,614.1984835267067,0.19069217529296875,2.401162353515625,0.0003999277353286743,0.13854266703128815,0.06141984835267067,971.6656809092456,8003.87451171875,4024.8149262922816
950,21313.931640625,1807.0387840270996,625.242069363594,0.19320975341796875,2.402298486328125,0.0003999229669570923,0.18070387840270996,0.0625242069363594,1049.5027437033568,8007.66162109375,4215.99650975666
951,20942.755859375,1398.7629115581512,616.1117926239967,0.19808695068359375,2.430385107421875,0.0003999277353286743,0.13987629115581512,0.06161117926239967,1019.8731391357433,8101.28369140625,4061.7320836965227
952,22897.908203125,3199.0012526512146,637.3870372772217,0.20472347412109376,2.44270927734375,0.0003999229669570923,0.31990012526512146,0.06373870372772217,1097.1496985866543,8142.3642578125,4741.737038647407
953,23196.80859375,2858.6816787719727,600.184015929699,0.2200044189453125,2.5205097656250004,0.00039993247389793395,0.28586816787719727,0.060018401592969894,1145.180708506974,8401.69921875,4709.4013313536125
954,21241.5078125,1342.5925374031067,639.2399966716766,0.1856334716796875,2.4312801269531255,0.0003999277353286743,0.13425925374031067,0.06392399966716766,896.0539115251959,8104.26708984375,4302.600278931088
955,25510.1640625,6872.711181640625,679.2696565389633,0.24640126953125002,2.5756962890625,0.00039991816878318787,0.6872711181640625,0.06792696565389633,1243.7332051803241,8585.654296875,5453.115043505008
956,25134.05859375,4386.765658855438,576.8553167581558,0.2786065185546875,2.71470703125,0.00039994201064109806,0.4386765658855438,0.05768553167581558,1321.71691799174,9049.0234375,5043.181657437788
957,24177.3359375,4031.485617160797,533.9663103222847,0.29170476074218754,2.714109375,0.0003999515473842621,0.4031485617160797,0.05339663103222847,1337.8442272897373,9047.03125,4649.275039181288
958,22441.41015625,5303.822755813599,551.4837428927422,0.2870054443359375,2.6147537109375003,0.00039993247389793395,0.5303822755813599,0.055148374289274216,1232.2008769860768,8715.845703125,4198.885966186674
959,21068.359375,5059.037208557129,531.3100293278694,0.28626645507812504,2.5561186523437502,0.00039987051486968994,0.5059037208557129,0.05313100293278694,1171.6747782568418,8520.3955078125,3793.4216231256723
960,19401.75,2772.1738815307617,606.9910898804665,0.250680419921875,2.489687109375,0.00039971315860748294,0.27721738815307617,0.060699108988046646,975.1078320277156,8298.95703125,3418.306336543523
961,18405.90234375,1855.5983901023865,708.7721675634384,0.24517326660156252,2.5071931640625005,0.0003995368182659149,0.18555983901023865,0.07087721675634384,897.4566814860955,8357.310546875,3078.855887694619
962,17723.35546875,2026.1752605438232,633.0122798681259,0.2599550537109375,2.5368064453125,0.0003995368182659149,0.20261752605438232,0.06330122798681259,891.0736076508765,8456.021484375,2776.058872414709
963,16857.8984375,2158.1512689590454,530.1734432578087,0.264951123046875,2.50449638671875,0.00039958927035331726,0.21581512689590454,0.05301734432578087,861.077931732536,8348.3212890625,2506.1823448109935
964,15933.0693359375,2217.11128950119,453.2400518655777,0.2645619140625,2.4274541015625,0.00039964646100997924,0.22171112895011902,0.04532400518655777,836.9795743074501,8091.513671875,2265.9232321733725
965,15256.130859375,2538.7415289878845,420.4239323735237,0.2786834228515625,2.36992734375,0.00039970842003822325,0.25387415289878845,0.04204239323735237,858.1226018200978,7899.7578125,2052.74806574588
966,14891.052734375,3056.7699670791626,433.59287083148956,0.30454650878906253,2.3491144042968752,0.0003997561037540436,0.30567699670791626,0.043359287083148956,921.4538020012697,7830.38134765625,1872.3445729995292
967,14452.1220703125,3148.226737976074,435.2976009249687,0.31536142578125004,2.317927587890625,0.00039977517724037174,0.3148226737976074,0.04352976009249687,943.9614750923065,7726.42529296875,1717.2668726908014
968,13936.4697265625,2841.843068599701,409.88821536302567,0.3116503173828125,2.28000498046875,0.0003997846841812134,0.2841843068599701,0.040988821536302567,930.1524869748537,7600.0166015625,1577.0722033377097
969,13579.6015625,2660.1642370224,396.1240127682686,0.3129402587890625,2.274153955078125,0.0003997894525527954,0.26601642370224,0.03961240127682686,924.9417178941221,7580.51318359375,1448.7954939914343
970,13330.87890625,2686.4707469940186,408.1226885318756,0.3202131591796875,2.2859200195312503,0.00039979422092437745,0.26864707469940186,0.04081226885318756,925.0397602673038,7619.7333984375,1334.7448261156096
971,13048.77734375,2764.5403146743774,432.710126042366,0.3232388427734375,2.2763729003906255,0.0003998037576675415,0.27645403146743774,0.0432710126042366,921.8225583426174,7587.90966796875,1238.9087803149887
972,12810.7890625,2925.8623719215393,449.42639768123627,0.32320334472656254,2.250271435546875,0.00039981329441070556,0.29258623719215393,0.04494263976812363,934.6534331063158,7500.90478515625,1166.3107250445464
973,12736.25390625,3223.482370376587,448.2125863432884,0.3271792236328125,2.2367039062500003,0.0003998228311538696,0.3223482370376587,0.04482125863432884,969.2651854776122,7455.6796875,1120.0704730589641
974,12741.9921875,3418.053984642029,435.01779437065125,0.33228408203125004,2.23702060546875,0.00039983233809471133,0.3418053984642029,0.043501779437065125,998.7486790551338,7456.7353515625,1092.421699388673
975,12662.7978515625,3227.4550199508667,421.42070829868317,0.330711962890625,2.2338194824218753,0.00039983233809471133,0.32274550199508667,0.04214207082986832,1000.2393214612384,7446.06494140625,1063.8343705221196
976,12502.1962890625,2840.8464789390564,413.0341112613678,0.3246709228515625,2.2325761230468752,0.0003998228311538696,0.28408464789390564,0.04130341112613678,979.0147883251848,7441.92041015625,1023.1829369572224
977,12342.146484375,2596.2868332862854,408.0849513411522,0.32043598632812503,2.244653759765625,0.0003998180627822876,0.25962868332862854,0.04080849513411522,948.3268492701172,7482.17919921875,974.6267109388427
978,12190.185546875,2535.7553362846375,404.94684129953384,0.3172794921875,2.25909873046875,0.0003998180627822876,0.25357553362846375,0.040494684129953384,915.7504934075405,7530.3291015625,928.019013522513
979,12054.2578125,2577.7456164360046,406.16732090711594,0.31260026855468753,2.2628203125,0.0003998228311538696,0.25777456164360046,0.040616732090711594,891.6692803438127,7542.734375,893.3953310436918
980,12013.634765625,2721.085250377655,412.8600284457207,0.3085652099609375,2.261364404296875,0.00039982759952545164,0.2721085250377655,0.04128600284457207,892.5639107078605,7537.88134765625,878.3303573744197
981,12083.15234375,2943.8772797584534,420.68544775247574,0.30767675781250003,2.2648814941406252,0.00039983713626861575,0.29438772797584534,0.042068544775247574,910.5371660736273,7549.60498046875,883.2050920815673
982,12172.556640625,3075.3344297409058,425.12182146310806,0.307359814453125,2.2697419921875,0.00039983713626861575,0.3075334429740906,0.042512182146310806,926.4660381729773,7565.806640625,896.2314267525217
983,12195.71484375,2980.26442527771,427.68869549036026,0.3046063232421875,2.2695919921875003,0.00039983713626861575,0.298026442527771,0.042768869549036026,930.9439720147566,7565.306640625,901.1251365463249
984,12164.033203125,2768.290340900421,430.7476431131363,0.301427392578125,2.27010498046875,0.00039983233809471133,0.2768290340900421,0.04307476431131363,927.1925206094165,7567.0166015625,891.6831212962861
985,12110.75390625,2616.4230704307556,430.535227060318,0.3001850341796875,2.275963037109375,0.00039983233809471133,0.26164230704307556,0.0430535227060318,917.3289264090563,7586.54345703125,872.7498496575718
986,12044.2841796875,2574.4178891181946,423.407107591629,0.29952814941406253,2.2802632324218752,0.00039983233809471133,0.25744178891181946,0.0423407107591629,904.8741905984207,7600.87744140625,853.2329360390067
987,11992.525390625,2628.6062598228455,413.3709520101547,0.298288330078125,2.277668408203125,0.00039983233809471133,0.26286062598228455,0.04133709520101547,899.0786475755885,7592.22802734375,841.9645166999835
988,12008.705078125,2772.7165818214417,407.584048807621,0.297997265625,2.27339443359375,0.00039983713626861575,0.27727165818214417,0.0407584048807621,908.3673466059845,7577.9814453125,844.7025134323922
989,12084.466796875,2942.7650570869446,407.67572820186615,0.2992635986328125,2.27297724609375,0.00039983713626861575,0.29427650570869446,0.040767572820186615,924.378517929872,7576.5908203125,859.2060784214991
990,12151.75390625,3001.480996608734,410.21332144737244,0.2997433837890625,2.273927783203125,0.00039983713626861575,0.3001480996608734,0.041021332144737244,935.2376994972874,7579.75927734375,873.7146218515118
991,12160.466796875,2901.8738865852356,414.82366621494293,0.2979949951171875,2.274016845703125,0.00039983713626861575,0.29018738865852356,0.04148236662149429,935.4221683724973,7580.05615234375,876.8703676867881
992,12124.8603515625,2751.6767382621765,423.1695458292961,0.2956141845703125,2.276496826171875,0.00039983233809471133,0.27516767382621765,0.04231695458292961,927.6905445196098,7588.32275390625,867.2540096997909
993,12069.6455078125,2653.9966464042664,431.8428784608841,0.2939275634765625,2.28171943359375,0.00039982759952545164,0.26539966464042664,0.04318428784608841,915.4160361761169,7605.7314453125,850.7978930783866
994,12012.1728515625,2627.1814107894897,435.4943707585335,0.2925128662109375,2.285013427734375,0.0003998228311538696,0.262718141078949,0.04354943707585335,904.170351799803,7616.71142578125,834.9566755049455
995,11978.587890625,2666.3458347320557,433.9279606938362,0.291297802734375,2.284688671875,0.00039982759952545164,0.26663458347320557,0.04339279606938362,900.4296418020531,7615.62890625,825.8313145931752
996,11991.953125,2766.008675098419,431.4778745174408,0.29101948242187503,2.28384140625,0.00039983233809471133,0.2766008675098419,0.04314778745174408,906.4187864258856,7612.8046875,826.2390796058171
997,12038.31640625,2873.7735748291016,431.32245540618896,0.29140244140625,2.2839874511718747,0.00039983233809471133,0.28737735748291016,0.043132245540618896,917.2494135538291,7613.29150390625,833.5527119952385
998,12077.384765625,2903.176248073578,433.38607996702194,0.29130339355468754,2.283593408203125,0.00039983233809471133,0.2903176248073578,0.043338607996702194,926.6866370263524,7611.97802734375,840.0929382287213
999,12084.671875,2834.422290325165,437.1309280395508,0.2906725830078125,2.2826978027343747,0.00039982759952545164,0.2834422290325165,0.04371309280395508,931.7489570214093,7608.99267578125,839.1021548789868
1000,13520.98046875,2737.71733045578,441.96706265211105,0.2903496826171875,2.28282744140625,0.000636368989944458,0.273771733045578,0.044196706265211105,931.7099597974666,7609.4248046875,1295.9752359238337
